2026.01.27 14:16:53 INFO  Started: Metals version 1.6.5 in folders 'C:\Users\nelso\OneDrive\Desktop\HelpDesk' for client Visual Studio Code 1.108.1.
2026.01.27 14:16:53 INFO  Memory monitor started
2026.01.27 14:16:53 WARN  Using H2 2.4.240 which is newer than the version Flyway has been verified with. The latest verified version of H2 is 2.3.232.
2026.01.27 14:16:53 INFO  no build target found for C:\Users\nelso\OneDrive\Desktop\HelpDesk\app-asset\src\main\java\io\github\nelsonsoria\helpdesk\Main.java. Using fallback presentation compiler.
2026.01.27 14:16:54 INFO  no build target found for C:\Users\nelso\OneDrive\Desktop\HelpDesk\app-asset\src\main\java\io\github\nelsonsoria\helpdesk\Main.java. Using fallback presentation compiler.
2026.01.27 14:16:58 WARN  no build target for: C:\Users\nelso\OneDrive\Desktop\HelpDesk\app-asset\src\main\java\io\github\nelsonsoria\helpdesk\Main.java
2026.01.27 14:19:14 INFO  no build target found for C:\Users\nelso\OneDrive\Desktop\HelpDesk\app-asset\src\main\java\io\github\nelsonsoria\helpdesk\Main.java. Using fallback presentation compiler.
2026.01.27 14:19:16 WARN  no build target for: C:\Users\nelso\OneDrive\Desktop\HelpDesk\app-employee\src\main\java\io\github\nelsonsoria\helpdesk\EmployeeLifecycle.java
2026.01.27 14:19:16 INFO  no build target found for C:\Users\nelso\OneDrive\Desktop\HelpDesk\app-employee\src\main\java\io\github\nelsonsoria\helpdesk\EmployeeLifecycle.java. Using fallback presentation compiler.
2026.01.27 14:19:16 INFO  no build target found for C:\Users\nelso\OneDrive\Desktop\HelpDesk\app-employee\src\main\java\io\github\nelsonsoria\helpdesk\EmployeeLifecycle.java. Using fallback presentation compiler.
2026.01.27 14:19:16 WARN  no build target for: C:\Users\nelso\OneDrive\Desktop\HelpDesk\app-employee\src\main\java\io\github\nelsonsoria\helpdesk\repository\EmployeeRepository.java
2026.01.27 14:19:16 INFO  no build target found for C:\Users\nelso\OneDrive\Desktop\HelpDesk\app-employee\src\main\java\io\github\nelsonsoria\helpdesk\repository\EmployeeRepository.java. Using fallback presentation compiler.
2026.01.27 14:19:16 INFO  no build target found for C:\Users\nelso\OneDrive\Desktop\HelpDesk\app-employee\src\main\java\io\github\nelsonsoria\helpdesk\repository\EmployeeRepository.java. Using fallback presentation compiler.
2026.01.27 14:19:16 WARN  no build target for: C:\Users\nelso\OneDrive\Desktop\HelpDesk\app-ticket\src\main\java\io\github\nelsonsoria\helpdesk\repository\TicketRepository.java
2026.01.27 14:19:16 INFO  no build target found for C:\Users\nelso\OneDrive\Desktop\HelpDesk\app-ticket\src\main\java\io\github\nelsonsoria\helpdesk\repository\TicketRepository.java. Using fallback presentation compiler.
2026.01.27 14:19:16 INFO  no build target found for C:\Users\nelso\OneDrive\Desktop\HelpDesk\app-ticket\src\main\java\io\github\nelsonsoria\helpdesk\repository\TicketRepository.java. Using fallback presentation compiler.
2026.01.27 14:19:16 WARN  no build target for: C:\Users\nelso\OneDrive\Desktop\HelpDesk\app-ticket\src\main\java\io\github\nelsonsoria\helpdesk\TicketLifecycle.java
2026.01.27 14:19:16 INFO  no build target found for C:\Users\nelso\OneDrive\Desktop\HelpDesk\app-ticket\src\main\java\io\github\nelsonsoria\helpdesk\TicketLifecycle.java. Using fallback presentation compiler.
2026.01.27 14:19:16 INFO  no build target found for C:\Users\nelso\OneDrive\Desktop\HelpDesk\app-ticket\src\main\java\io\github\nelsonsoria\helpdesk\TicketLifecycle.java. Using fallback presentation compiler.
2026.01.27 14:20:27 INFO  no build target found for C:\Users\nelso\OneDrive\Desktop\HelpDesk\app-asset\src\main\java\io\github\nelsonsoria\helpdesk\Main.java. Using fallback presentation compiler.
2026.01.27 14:21:26 INFO  Shutting down server
2026.01.27 14:21:26 INFO  Memory monitor stopped
2026.01.27 14:21:26 INFO  shutting down Metals
2026.01.27 14:21:26 INFO  Exiting server
2026.02.16 18:53:16 INFO  Started: Metals version 1.6.5 in folders 'C:\Users\nelso\OneDrive\Desktop\HelpDesk' for client Visual Studio Code 1.109.4.
2026.02.16 18:53:16 INFO  Memory monitor started
2026.02.16 18:53:16 WARN  Using H2 2.4.240 which is newer than the version Flyway has been verified with. The latest verified version of H2 is 2.3.232.
2026.02.16 18:56:12 INFO  no build target found for C:\Users\nelso\OneDrive\Desktop\HelpDesk\app-employee\src\main\java\io\github\nelsonsoria\helpdesk\Service\EmployeeServiceImpl.java. Using fallback presentation compiler.
Feb 16, 2026 7:07:25 PM org.eclipse.lsp4j.jsonrpc.services.GenericEndpoint notify
INFO: Unsupported notification method: $/setTrace
2026.02.16 19:07:46 INFO  no build target found for C:\Users\nelso\OneDrive\Desktop\HelpDesk\app-employee\src\main\java\io\github\nelsonsoria\helpdesk\restcontroller\EmployeeRest.java. Using fallback presentation compiler.
2026.02.16 19:07:48 INFO  no build target found for C:\Users\nelso\OneDrive\Desktop\HelpDesk\app-employee\src\main\java\io\github\nelsonsoria\helpdesk\restcontroller\EmployeeRest.java. Using fallback presentation compiler.
2026.02.16 19:07:48 INFO  no build target found for C:\Users\nelso\OneDrive\Desktop\HelpDesk\app-employee\src\main\java\io\github\nelsonsoria\helpdesk\restcontroller\EmployeeRest.java. Using fallback presentation compiler.
2026.02.16 19:07:48 INFO  no build target found for C:\Users\nelso\OneDrive\Desktop\HelpDesk\app-employee\src\main\java\io\github\nelsonsoria\helpdesk\restcontroller\EmployeeRest.java. Using fallback presentation compiler.
2026.02.16 19:07:49 INFO  no build target found for C:\Users\nelso\OneDrive\Desktop\HelpDesk\app-employee\src\main\java\io\github\nelsonsoria\helpdesk\restcontroller\EmployeeRest.java. Using fallback presentation compiler.
2026.02.16 19:07:52 INFO  no build target found for C:\Users\nelso\OneDrive\Desktop\HelpDesk\app-employee\src\main\java\io\github\nelsonsoria\helpdesk\restcontroller\EmployeeRest.java. Using fallback presentation compiler.
2026.02.16 19:07:52 INFO  no build target found for C:\Users\nelso\OneDrive\Desktop\HelpDesk\app-employee\src\main\java\io\github\nelsonsoria\helpdesk\restcontroller\EmployeeRest.java. Using fallback presentation compiler.
2026.02.16 19:07:53 INFO  no build target found for C:\Users\nelso\OneDrive\Desktop\HelpDesk\app-employee\src\main\java\io\github\nelsonsoria\helpdesk\restcontroller\EmployeeRest.java. Using fallback presentation compiler.
2026.02.16 19:07:53 INFO  no build target found for C:\Users\nelso\OneDrive\Desktop\HelpDesk\app-employee\src\main\java\io\github\nelsonsoria\helpdesk\restcontroller\EmployeeRest.java. Using fallback presentation compiler.
2026.02.16 19:07:53 INFO  no build target found for C:\Users\nelso\OneDrive\Desktop\HelpDesk\app-employee\src\main\java\io\github\nelsonsoria\helpdesk\restcontroller\EmployeeRest.java. Using fallback presentation compiler.
2026.02.16 19:07:53 INFO  no build target found for C:\Users\nelso\OneDrive\Desktop\HelpDesk\app-employee\src\main\java\io\github\nelsonsoria\helpdesk\restcontroller\EmployeeRest.java. Using fallback presentation compiler.
2026.02.16 19:07:53 INFO  no build target found for C:\Users\nelso\OneDrive\Desktop\HelpDesk\app-employee\src\main\java\io\github\nelsonsoria\helpdesk\restcontroller\EmployeeRest.java. Using fallback presentation compiler.
2026.02.16 19:07:53 INFO  no build target found for C:\Users\nelso\OneDrive\Desktop\HelpDesk\app-employee\src\main\java\io\github\nelsonsoria\helpdesk\restcontroller\EmployeeRest.java. Using fallback presentation compiler.
2026.02.16 19:07:53 INFO  no build target found for C:\Users\nelso\OneDrive\Desktop\HelpDesk\app-employee\src\main\java\io\github\nelsonsoria\helpdesk\restcontroller\EmployeeRest.java. Using fallback presentation compiler.
2026.02.16 19:07:54 INFO  no build target found for C:\Users\nelso\OneDrive\Desktop\HelpDesk\app-employee\src\main\java\io\github\nelsonsoria\helpdesk\restcontroller\EmployeeRest.java. Using fallback presentation compiler.
2026.02.16 19:07:53 INFO  no build target found for C:\Users\nelso\OneDrive\Desktop\HelpDesk\app-employee\src\main\java\io\github\nelsonsoria\helpdesk\restcontroller\EmployeeRest.java. Using fallback presentation compiler.
2026.02.16 19:07:54 INFO  no build target found for C:\Users\nelso\OneDrive\Desktop\HelpDesk\app-employee\src\main\java\io\github\nelsonsoria\helpdesk\restcontroller\EmployeeRest.java. Using fallback presentation compiler.
2026.02.16 19:07:54 INFO  no build target found for C:\Users\nelso\OneDrive\Desktop\HelpDesk\app-employee\src\main\java\io\github\nelsonsoria\helpdesk\restcontroller\EmployeeRest.java. Using fallback presentation compiler.
2026.02.16 19:07:54 INFO  no build target found for C:\Users\nelso\OneDrive\Desktop\HelpDesk\app-employee\src\main\java\io\github\nelsonsoria\helpdesk\restcontroller\EmployeeRest.java. Using fallback presentation compiler.
2026.02.16 19:07:54 INFO  no build target found for C:\Users\nelso\OneDrive\Desktop\HelpDesk\app-employee\src\main\java\io\github\nelsonsoria\helpdesk\restcontroller\EmployeeRest.java. Using fallback presentation compiler.
2026.02.16 19:07:55 INFO  no build target found for C:\Users\nelso\OneDrive\Desktop\HelpDesk\app-employee\src\main\java\io\github\nelsonsoria\helpdesk\restcontroller\EmployeeRest.java. Using fallback presentation compiler.
2026.02.16 19:07:54 INFO  no build target found for C:\Users\nelso\OneDrive\Desktop\HelpDesk\app-employee\src\main\java\io\github\nelsonsoria\helpdesk\restcontroller\EmployeeRest.java. Using fallback presentation compiler.
2026.02.16 19:07:55 INFO  no build target found for C:\Users\nelso\OneDrive\Desktop\HelpDesk\app-employee\src\main\java\io\github\nelsonsoria\helpdesk\restcontroller\EmployeeRest.java. Using fallback presentation compiler.
2026.02.16 19:07:55 INFO  no build target found for C:\Users\nelso\OneDrive\Desktop\HelpDesk\app-employee\src\main\java\io\github\nelsonsoria\helpdesk\restcontroller\EmployeeRest.java. Using fallback presentation compiler.
2026.02.16 19:07:55 INFO  no build target found for C:\Users\nelso\OneDrive\Desktop\HelpDesk\app-employee\src\main\java\io\github\nelsonsoria\helpdesk\restcontroller\EmployeeRest.java. Using fallback presentation compiler.
2026.02.16 19:07:55 INFO  no build target found for C:\Users\nelso\OneDrive\Desktop\HelpDesk\app-employee\src\main\java\io\github\nelsonsoria\helpdesk\restcontroller\EmployeeRest.java. Using fallback presentation compiler.
2026.02.16 19:07:55 INFO  no build target found for C:\Users\nelso\OneDrive\Desktop\HelpDesk\app-employee\src\main\java\io\github\nelsonsoria\helpdesk\restcontroller\EmployeeRest.java. Using fallback presentation compiler.
2026.02.16 19:07:56 INFO  no build target found for C:\Users\nelso\OneDrive\Desktop\HelpDesk\app-employee\src\main\java\io\github\nelsonsoria\helpdesk\restcontroller\EmployeeRest.java. Using fallback presentation compiler.
2026.02.16 19:07:55 INFO  no build target found for C:\Users\nelso\OneDrive\Desktop\HelpDesk\app-employee\src\main\java\io\github\nelsonsoria\helpdesk\restcontroller\EmployeeRest.java. Using fallback presentation compiler.
2026.02.16 19:07:55 INFO  no build target found for C:\Users\nelso\OneDrive\Desktop\HelpDesk\app-employee\src\main\java\io\github\nelsonsoria\helpdesk\restcontroller\EmployeeRest.java. Using fallback presentation compiler.
2026.02.16 19:07:56 INFO  no build target found for C:\Users\nelso\OneDrive\Desktop\HelpDesk\app-employee\src\main\java\io\github\nelsonsoria\helpdesk\restcontroller\EmployeeRest.java. Using fallback presentation compiler.
2026.02.16 19:07:56 INFO  no build target found for C:\Users\nelso\OneDrive\Desktop\HelpDesk\app-employee\src\main\java\io\github\nelsonsoria\helpdesk\restcontroller\EmployeeRest.java. Using fallback presentation compiler.
2026.02.16 19:07:56 INFO  no build target found for C:\Users\nelso\OneDrive\Desktop\HelpDesk\app-employee\src\main\java\io\github\nelsonsoria\helpdesk\restcontroller\EmployeeRest.java. Using fallback presentation compiler.
2026.02.16 19:07:56 INFO  no build target found for C:\Users\nelso\OneDrive\Desktop\HelpDesk\app-employee\src\main\java\io\github\nelsonsoria\helpdesk\restcontroller\EmployeeRest.java. Using fallback presentation compiler.
2026.02.16 19:07:56 INFO  no build target found for C:\Users\nelso\OneDrive\Desktop\HelpDesk\app-employee\src\main\java\io\github\nelsonsoria\helpdesk\restcontroller\EmployeeRest.java. Using fallback presentation compiler.
2026.02.16 19:07:56 INFO  no build target found for C:\Users\nelso\OneDrive\Desktop\HelpDesk\app-employee\src\main\java\io\github\nelsonsoria\helpdesk\restcontroller\EmployeeRest.java. Using fallback presentation compiler.
2026.02.16 19:07:58 INFO  no build target found for C:\Users\nelso\OneDrive\Desktop\HelpDesk\app-employee\src\main\java\io\github\nelsonsoria\helpdesk\restcontroller\EmployeeRest.java. Using fallback presentation compiler.
2026.02.16 19:07:58 INFO  no build target found for C:\Users\nelso\OneDrive\Desktop\HelpDesk\app-employee\src\main\java\io\github\nelsonsoria\helpdesk\restcontroller\EmployeeRest.java. Using fallback presentation compiler.
2026.02.16 19:07:58 INFO  no build target found for C:\Users\nelso\OneDrive\Desktop\HelpDesk\app-employee\src\main\java\io\github\nelsonsoria\helpdesk\restcontroller\EmployeeRest.java. Using fallback presentation compiler.
2026.02.16 19:07:58 INFO  no build target found for C:\Users\nelso\OneDrive\Desktop\HelpDesk\app-employee\src\main\java\io\github\nelsonsoria\helpdesk\restcontroller\EmployeeRest.java. Using fallback presentation compiler.
2026.02.16 19:07:59 INFO  no build target found for C:\Users\nelso\OneDrive\Desktop\HelpDesk\app-employee\src\main\java\io\github\nelsonsoria\helpdesk\restcontroller\EmployeeRest.java. Using fallback presentation compiler.
2026.02.16 19:07:58 INFO  no build target found for C:\Users\nelso\OneDrive\Desktop\HelpDesk\app-employee\src\main\java\io\github\nelsonsoria\helpdesk\restcontroller\EmployeeRest.java. Using fallback presentation compiler.
2026.02.16 19:07:59 INFO  no build target found for C:\Users\nelso\OneDrive\Desktop\HelpDesk\app-employee\src\main\java\io\github\nelsonsoria\helpdesk\restcontroller\EmployeeRest.java. Using fallback presentation compiler.
2026.02.16 19:07:59 INFO  no build target found for C:\Users\nelso\OneDrive\Desktop\HelpDesk\app-employee\src\main\java\io\github\nelsonsoria\helpdesk\restcontroller\EmployeeRest.java. Using fallback presentation compiler.
2026.02.16 19:07:59 INFO  no build target found for C:\Users\nelso\OneDrive\Desktop\HelpDesk\app-employee\src\main\java\io\github\nelsonsoria\helpdesk\restcontroller\EmployeeRest.java. Using fallback presentation compiler.
2026.02.16 19:08:01 INFO  no build target found for C:\Users\nelso\OneDrive\Desktop\HelpDesk\app-employee\src\main\java\io\github\nelsonsoria\helpdesk\restcontroller\EmployeeRest.java. Using fallback presentation compiler.
2026.02.16 19:08:01 INFO  no build target found for C:\Users\nelso\OneDrive\Desktop\HelpDesk\app-employee\src\main\java\io\github\nelsonsoria\helpdesk\restcontroller\EmployeeRest.java. Using fallback presentation compiler.
2026.02.16 19:08:01 INFO  no build target found for C:\Users\nelso\OneDrive\Desktop\HelpDesk\app-employee\src\main\java\io\github\nelsonsoria\helpdesk\restcontroller\EmployeeRest.java. Using fallback presentation compiler.
2026.02.16 19:08:01 INFO  no build target found for C:\Users\nelso\OneDrive\Desktop\HelpDesk\app-employee\src\main\java\io\github\nelsonsoria\helpdesk\restcontroller\EmployeeRest.java. Using fallback presentation compiler.
2026.02.16 19:08:04 INFO  no build target found for C:\Users\nelso\OneDrive\Desktop\HelpDesk\app-employee\src\main\java\io\github\nelsonsoria\helpdesk\restcontroller\EmployeeRest.java. Using fallback presentation compiler.
2026.02.16 19:08:04 INFO  no build target found for C:\Users\nelso\OneDrive\Desktop\HelpDesk\app-employee\src\main\java\io\github\nelsonsoria\helpdesk\restcontroller\EmployeeRest.java. Using fallback presentation compiler.
2026.02.16 19:08:04 INFO  no build target found for C:\Users\nelso\OneDrive\Desktop\HelpDesk\app-employee\src\main\java\io\github\nelsonsoria\helpdesk\restcontroller\EmployeeRest.java. Using fallback presentation compiler.
2026.02.16 19:08:04 INFO  no build target found for C:\Users\nelso\OneDrive\Desktop\HelpDesk\app-employee\src\main\java\io\github\nelsonsoria\helpdesk\restcontroller\EmployeeRest.java. Using fallback presentation compiler.
2026.02.16 19:08:04 INFO  no build target found for C:\Users\nelso\OneDrive\Desktop\HelpDesk\app-employee\src\main\java\io\github\nelsonsoria\helpdesk\restcontroller\EmployeeRest.java. Using fallback presentation compiler.
2026.02.16 19:08:05 INFO  no build target found for C:\Users\nelso\OneDrive\Desktop\HelpDesk\app-employee\src\main\java\io\github\nelsonsoria\helpdesk\restcontroller\EmployeeRest.java. Using fallback presentation compiler.
2026.02.16 19:08:04 INFO  no build target found for C:\Users\nelso\OneDrive\Desktop\HelpDesk\app-employee\src\main\java\io\github\nelsonsoria\helpdesk\restcontroller\EmployeeRest.java. Using fallback presentation compiler.
2026.02.16 19:08:04 INFO  no build target found for C:\Users\nelso\OneDrive\Desktop\HelpDesk\app-employee\src\main\java\io\github\nelsonsoria\helpdesk\restcontroller\EmployeeRest.java. Using fallback presentation compiler.
2026.02.16 19:08:05 INFO  no build target found for C:\Users\nelso\OneDrive\Desktop\HelpDesk\app-employee\src\main\java\io\github\nelsonsoria\helpdesk\restcontroller\EmployeeRest.java. Using fallback presentation compiler.
2026.02.16 19:08:04 INFO  no build target found for C:\Users\nelso\OneDrive\Desktop\HelpDesk\app-employee\src\main\java\io\github\nelsonsoria\helpdesk\restcontroller\EmployeeRest.java. Using fallback presentation compiler.
2026.02.16 19:08:05 INFO  no build target found for C:\Users\nelso\OneDrive\Desktop\HelpDesk\app-employee\src\main\java\io\github\nelsonsoria\helpdesk\restcontroller\EmployeeRest.java. Using fallback presentation compiler.
2026.02.16 19:08:05 INFO  no build target found for C:\Users\nelso\OneDrive\Desktop\HelpDesk\app-employee\src\main\java\io\github\nelsonsoria\helpdesk\restcontroller\EmployeeRest.java. Using fallback presentation compiler.
2026.02.16 19:08:05 INFO  no build target found for C:\Users\nelso\OneDrive\Desktop\HelpDesk\app-employee\src\main\java\io\github\nelsonsoria\helpdesk\restcontroller\EmployeeRest.java. Using fallback presentation compiler.
2026.02.16 19:08:05 INFO  no build target found for C:\Users\nelso\OneDrive\Desktop\HelpDesk\app-employee\src\main\java\io\github\nelsonsoria\helpdesk\restcontroller\EmployeeRest.java. Using fallback presentation compiler.
2026.02.16 19:08:05 INFO  no build target found for C:\Users\nelso\OneDrive\Desktop\HelpDesk\app-employee\src\main\java\io\github\nelsonsoria\helpdesk\restcontroller\EmployeeRest.java. Using fallback presentation compiler.
2026.02.16 19:08:05 INFO  no build target found for C:\Users\nelso\OneDrive\Desktop\HelpDesk\app-employee\src\main\java\io\github\nelsonsoria\helpdesk\restcontroller\EmployeeRest.java. Using fallback presentation compiler.
2026.02.16 19:08:06 INFO  no build target found for C:\Users\nelso\OneDrive\Desktop\HelpDesk\app-employee\src\main\java\io\github\nelsonsoria\helpdesk\restcontroller\EmployeeRest.java. Using fallback presentation compiler.
2026.02.16 19:08:05 INFO  no build target found for C:\Users\nelso\OneDrive\Desktop\HelpDesk\app-employee\src\main\java\io\github\nelsonsoria\helpdesk\restcontroller\EmployeeRest.java. Using fallback presentation compiler.
2026.02.16 19:08:05 INFO  no build target found for C:\Users\nelso\OneDrive\Desktop\HelpDesk\app-employee\src\main\java\io\github\nelsonsoria\helpdesk\restcontroller\EmployeeRest.java. Using fallback presentation compiler.
2026.02.16 19:08:06 INFO  no build target found for C:\Users\nelso\OneDrive\Desktop\HelpDesk\app-employee\src\main\java\io\github\nelsonsoria\helpdesk\restcontroller\EmployeeRest.java. Using fallback presentation compiler.
2026.02.16 19:08:06 INFO  no build target found for C:\Users\nelso\OneDrive\Desktop\HelpDesk\app-employee\src\main\java\io\github\nelsonsoria\helpdesk\restcontroller\EmployeeRest.java. Using fallback presentation compiler.
2026.02.16 19:08:06 INFO  no build target found for C:\Users\nelso\OneDrive\Desktop\HelpDesk\app-employee\src\main\java\io\github\nelsonsoria\helpdesk\restcontroller\EmployeeRest.java. Using fallback presentation compiler.
2026.02.16 19:08:09 INFO  no build target found for C:\Users\nelso\OneDrive\Desktop\HelpDesk\app-employee\src\main\java\io\github\nelsonsoria\helpdesk\restcontroller\EmployeeRest.java. Using fallback presentation compiler.
2026.02.16 19:08:09 INFO  no build target found for C:\Users\nelso\OneDrive\Desktop\HelpDesk\app-employee\src\main\java\io\github\nelsonsoria\helpdesk\restcontroller\EmployeeRest.java. Using fallback presentation compiler.
2026.02.16 19:08:09 INFO  no build target found for C:\Users\nelso\OneDrive\Desktop\HelpDesk\app-employee\src\main\java\io\github\nelsonsoria\helpdesk\restcontroller\EmployeeRest.java. Using fallback presentation compiler.
2026.02.16 19:08:09 INFO  no build target found for C:\Users\nelso\OneDrive\Desktop\HelpDesk\app-employee\src\main\java\io\github\nelsonsoria\helpdesk\restcontroller\EmployeeRest.java. Using fallback presentation compiler.
2026.02.16 19:08:09 INFO  no build target found for C:\Users\nelso\OneDrive\Desktop\HelpDesk\app-employee\src\main\java\io\github\nelsonsoria\helpdesk\restcontroller\EmployeeRest.java. Using fallback presentation compiler.
2026.02.16 19:08:09 INFO  no build target found for C:\Users\nelso\OneDrive\Desktop\HelpDesk\app-employee\src\main\java\io\github\nelsonsoria\helpdesk\restcontroller\EmployeeRest.java. Using fallback presentation compiler.
2026.02.16 19:08:10 INFO  no build target found for C:\Users\nelso\OneDrive\Desktop\HelpDesk\app-employee\src\main\java\io\github\nelsonsoria\helpdesk\restcontroller\EmployeeRest.java. Using fallback presentation compiler.
2026.02.16 19:08:10 INFO  no build target found for C:\Users\nelso\OneDrive\Desktop\HelpDesk\app-employee\src\main\java\io\github\nelsonsoria\helpdesk\restcontroller\EmployeeRest.java. Using fallback presentation compiler.
2026.02.16 19:08:10 INFO  no build target found for C:\Users\nelso\OneDrive\Desktop\HelpDesk\app-employee\src\main\java\io\github\nelsonsoria\helpdesk\restcontroller\EmployeeRest.java. Using fallback presentation compiler.
2026.02.16 19:08:10 INFO  no build target found for C:\Users\nelso\OneDrive\Desktop\HelpDesk\app-employee\src\main\java\io\github\nelsonsoria\helpdesk\restcontroller\EmployeeRest.java. Using fallback presentation compiler.
2026.02.16 19:08:10 INFO  no build target found for C:\Users\nelso\OneDrive\Desktop\HelpDesk\app-employee\src\main\java\io\github\nelsonsoria\helpdesk\restcontroller\EmployeeRest.java. Using fallback presentation compiler.
2026.02.16 19:08:10 INFO  no build target found for C:\Users\nelso\OneDrive\Desktop\HelpDesk\app-employee\src\main\java\io\github\nelsonsoria\helpdesk\restcontroller\EmployeeRest.java. Using fallback presentation compiler.
2026.02.16 19:08:10 INFO  no build target found for C:\Users\nelso\OneDrive\Desktop\HelpDesk\app-employee\src\main\java\io\github\nelsonsoria\helpdesk\restcontroller\EmployeeRest.java. Using fallback presentation compiler.
2026.02.16 19:08:12 INFO  no build target found for C:\Users\nelso\OneDrive\Desktop\HelpDesk\app-employee\src\main\java\io\github\nelsonsoria\helpdesk\restcontroller\EmployeeRest.java. Using fallback presentation compiler.
2026.02.16 19:08:12 INFO  no build target found for C:\Users\nelso\OneDrive\Desktop\HelpDesk\app-employee\src\main\java\io\github\nelsonsoria\helpdesk\restcontroller\EmployeeRest.java. Using fallback presentation compiler.
2026.02.16 19:08:12 INFO  no build target found for C:\Users\nelso\OneDrive\Desktop\HelpDesk\app-employee\src\main\java\io\github\nelsonsoria\helpdesk\restcontroller\EmployeeRest.java. Using fallback presentation compiler.
2026.02.16 19:08:12 INFO  no build target found for C:\Users\nelso\OneDrive\Desktop\HelpDesk\app-employee\src\main\java\io\github\nelsonsoria\helpdesk\restcontroller\EmployeeRest.java. Using fallback presentation compiler.
2026.02.16 19:08:12 INFO  no build target found for C:\Users\nelso\OneDrive\Desktop\HelpDesk\app-employee\src\main\java\io\github\nelsonsoria\helpdesk\restcontroller\EmployeeRest.java. Using fallback presentation compiler.
2026.02.16 19:08:13 INFO  no build target found for C:\Users\nelso\OneDrive\Desktop\HelpDesk\app-employee\src\main\java\io\github\nelsonsoria\helpdesk\restcontroller\EmployeeRest.java. Using fallback presentation compiler.
2026.02.16 19:08:13 INFO  no build target found for C:\Users\nelso\OneDrive\Desktop\HelpDesk\app-employee\src\main\java\io\github\nelsonsoria\helpdesk\restcontroller\EmployeeRest.java. Using fallback presentation compiler.
2026.02.16 19:08:13 INFO  no build target found for C:\Users\nelso\OneDrive\Desktop\HelpDesk\app-employee\src\main\java\io\github\nelsonsoria\helpdesk\restcontroller\EmployeeRest.java. Using fallback presentation compiler.
2026.02.16 19:08:15 INFO  no build target found for C:\Users\nelso\OneDrive\Desktop\HelpDesk\app-employee\src\main\java\io\github\nelsonsoria\helpdesk\restcontroller\EmployeeRest.java. Using fallback presentation compiler.
2026.02.16 19:08:15 INFO  no build target found for C:\Users\nelso\OneDrive\Desktop\HelpDesk\app-employee\src\main\java\io\github\nelsonsoria\helpdesk\restcontroller\EmployeeRest.java. Using fallback presentation compiler.
2026.02.16 19:08:15 INFO  no build target found for C:\Users\nelso\OneDrive\Desktop\HelpDesk\app-employee\src\main\java\io\github\nelsonsoria\helpdesk\restcontroller\EmployeeRest.java. Using fallback presentation compiler.
2026.02.16 19:08:15 INFO  no build target found for C:\Users\nelso\OneDrive\Desktop\HelpDesk\app-employee\src\main\java\io\github\nelsonsoria\helpdesk\restcontroller\EmployeeRest.java. Using fallback presentation compiler.
2026.02.16 19:08:15 INFO  no build target found for C:\Users\nelso\OneDrive\Desktop\HelpDesk\app-employee\src\main\java\io\github\nelsonsoria\helpdesk\restcontroller\EmployeeRest.java. Using fallback presentation compiler.
2026.02.16 19:08:16 INFO  no build target found for C:\Users\nelso\OneDrive\Desktop\HelpDesk\app-employee\src\main\java\io\github\nelsonsoria\helpdesk\restcontroller\EmployeeRest.java. Using fallback presentation compiler.
2026.02.16 19:08:16 INFO  no build target found for C:\Users\nelso\OneDrive\Desktop\HelpDesk\app-employee\src\main\java\io\github\nelsonsoria\helpdesk\restcontroller\EmployeeRest.java. Using fallback presentation compiler.
2026.02.16 19:08:16 INFO  no build target found for C:\Users\nelso\OneDrive\Desktop\HelpDesk\app-employee\src\main\java\io\github\nelsonsoria\helpdesk\restcontroller\EmployeeRest.java. Using fallback presentation compiler.
2026.02.16 19:08:16 INFO  no build target found for C:\Users\nelso\OneDrive\Desktop\HelpDesk\app-employee\src\main\java\io\github\nelsonsoria\helpdesk\restcontroller\EmployeeRest.java. Using fallback presentation compiler.
2026.02.16 19:08:16 INFO  no build target found for C:\Users\nelso\OneDrive\Desktop\HelpDesk\app-employee\src\main\java\io\github\nelsonsoria\helpdesk\restcontroller\EmployeeRest.java. Using fallback presentation compiler.
2026.02.16 19:08:17 INFO  no build target found for C:\Users\nelso\OneDrive\Desktop\HelpDesk\app-employee\src\main\java\io\github\nelsonsoria\helpdesk\restcontroller\EmployeeRest.java. Using fallback presentation compiler.
2026.02.16 19:08:17 INFO  no build target found for C:\Users\nelso\OneDrive\Desktop\HelpDesk\app-employee\src\main\java\io\github\nelsonsoria\helpdesk\restcontroller\EmployeeRest.java. Using fallback presentation compiler.
2026.02.16 19:08:17 INFO  no build target found for C:\Users\nelso\OneDrive\Desktop\HelpDesk\app-employee\src\main\java\io\github\nelsonsoria\helpdesk\restcontroller\EmployeeRest.java. Using fallback presentation compiler.
2026.02.16 19:08:18 INFO  no build target found for C:\Users\nelso\OneDrive\Desktop\HelpDesk\app-employee\src\main\java\io\github\nelsonsoria\helpdesk\restcontroller\EmployeeRest.java. Using fallback presentation compiler.
2026.02.16 19:08:17 INFO  no build target found for C:\Users\nelso\OneDrive\Desktop\HelpDesk\app-employee\src\main\java\io\github\nelsonsoria\helpdesk\restcontroller\EmployeeRest.java. Using fallback presentation compiler.
2026.02.16 19:08:19 INFO  no build target found for C:\Users\nelso\OneDrive\Desktop\HelpDesk\app-employee\src\main\java\io\github\nelsonsoria\helpdesk\restcontroller\EmployeeRest.java. Using fallback presentation compiler.
2026.02.16 19:08:19 INFO  no build target found for C:\Users\nelso\OneDrive\Desktop\HelpDesk\app-employee\src\main\java\io\github\nelsonsoria\helpdesk\restcontroller\EmployeeRest.java. Using fallback presentation compiler.
2026.02.16 19:08:19 INFO  no build target found for C:\Users\nelso\OneDrive\Desktop\HelpDesk\app-employee\src\main\java\io\github\nelsonsoria\helpdesk\restcontroller\EmployeeRest.java. Using fallback presentation compiler.
2026.02.16 19:08:19 INFO  no build target found for C:\Users\nelso\OneDrive\Desktop\HelpDesk\app-employee\src\main\java\io\github\nelsonsoria\helpdesk\restcontroller\EmployeeRest.java. Using fallback presentation compiler.
2026.02.16 19:08:19 INFO  no build target found for C:\Users\nelso\OneDrive\Desktop\HelpDesk\app-employee\src\main\java\io\github\nelsonsoria\helpdesk\restcontroller\EmployeeRest.java. Using fallback presentation compiler.
2026.02.16 19:08:19 INFO  no build target found for C:\Users\nelso\OneDrive\Desktop\HelpDesk\app-employee\src\main\java\io\github\nelsonsoria\helpdesk\restcontroller\EmployeeRest.java. Using fallback presentation compiler.
2026.02.16 19:08:20 INFO  no build target found for C:\Users\nelso\OneDrive\Desktop\HelpDesk\app-employee\src\main\java\io\github\nelsonsoria\helpdesk\restcontroller\EmployeeRest.java. Using fallback presentation compiler.
2026.02.16 19:08:20 INFO  no build target found for C:\Users\nelso\OneDrive\Desktop\HelpDesk\app-employee\src\main\java\io\github\nelsonsoria\helpdesk\restcontroller\EmployeeRest.java. Using fallback presentation compiler.
2026.02.16 19:08:20 INFO  no build target found for C:\Users\nelso\OneDrive\Desktop\HelpDesk\app-employee\src\main\java\io\github\nelsonsoria\helpdesk\restcontroller\EmployeeRest.java. Using fallback presentation compiler.
2026.02.16 19:08:20 INFO  no build target found for C:\Users\nelso\OneDrive\Desktop\HelpDesk\app-employee\src\main\java\io\github\nelsonsoria\helpdesk\restcontroller\EmployeeRest.java. Using fallback presentation compiler.
2026.02.16 19:08:20 INFO  no build target found for C:\Users\nelso\OneDrive\Desktop\HelpDesk\app-employee\src\main\java\io\github\nelsonsoria\helpdesk\restcontroller\EmployeeRest.java. Using fallback presentation compiler.
2026.02.16 19:08:20 INFO  no build target found for C:\Users\nelso\OneDrive\Desktop\HelpDesk\app-employee\src\main\java\io\github\nelsonsoria\helpdesk\restcontroller\EmployeeRest.java. Using fallback presentation compiler.
2026.02.16 19:08:20 INFO  no build target found for C:\Users\nelso\OneDrive\Desktop\HelpDesk\app-employee\src\main\java\io\github\nelsonsoria\helpdesk\restcontroller\EmployeeRest.java. Using fallback presentation compiler.
2026.02.16 19:08:20 INFO  no build target found for C:\Users\nelso\OneDrive\Desktop\HelpDesk\app-employee\src\main\java\io\github\nelsonsoria\helpdesk\restcontroller\EmployeeRest.java. Using fallback presentation compiler.
2026.02.16 19:08:21 INFO  no build target found for C:\Users\nelso\OneDrive\Desktop\HelpDesk\app-employee\src\main\java\io\github\nelsonsoria\helpdesk\restcontroller\EmployeeRest.java. Using fallback presentation compiler.
2026.02.16 19:08:21 INFO  no build target found for C:\Users\nelso\OneDrive\Desktop\HelpDesk\app-employee\src\main\java\io\github\nelsonsoria\helpdesk\restcontroller\EmployeeRest.java. Using fallback presentation compiler.
2026.02.16 19:08:26 INFO  no build target found for C:\Users\nelso\OneDrive\Desktop\HelpDesk\app-employee\src\main\java\io\github\nelsonsoria\helpdesk\restcontroller\EmployeeRest.java. Using fallback presentation compiler.
2026.02.16 19:08:28 INFO  no build target found for C:\Users\nelso\OneDrive\Desktop\HelpDesk\app-employee\src\main\java\io\github\nelsonsoria\helpdesk\restcontroller\EmployeeRest.java. Using fallback presentation compiler.
2026.02.16 19:08:28 INFO  no build target found for C:\Users\nelso\OneDrive\Desktop\HelpDesk\app-employee\src\main\java\io\github\nelsonsoria\helpdesk\restcontroller\EmployeeRest.java. Using fallback presentation compiler.
2026.02.16 19:08:28 INFO  no build target found for C:\Users\nelso\OneDrive\Desktop\HelpDesk\app-employee\src\main\java\io\github\nelsonsoria\helpdesk\restcontroller\EmployeeRest.java. Using fallback presentation compiler.
2026.02.16 19:08:28 INFO  no build target found for C:\Users\nelso\OneDrive\Desktop\HelpDesk\app-employee\src\main\java\io\github\nelsonsoria\helpdesk\restcontroller\EmployeeRest.java. Using fallback presentation compiler.
2026.02.16 19:08:29 INFO  no build target found for C:\Users\nelso\OneDrive\Desktop\HelpDesk\app-employee\src\main\java\io\github\nelsonsoria\helpdesk\restcontroller\EmployeeRest.java. Using fallback presentation compiler.
2026.02.16 19:08:29 INFO  no build target found for C:\Users\nelso\OneDrive\Desktop\HelpDesk\app-employee\src\main\java\io\github\nelsonsoria\helpdesk\restcontroller\EmployeeRest.java. Using fallback presentation compiler.
2026.02.16 19:08:29 INFO  no build target found for C:\Users\nelso\OneDrive\Desktop\HelpDesk\app-employee\src\main\java\io\github\nelsonsoria\helpdesk\restcontroller\EmployeeRest.java. Using fallback presentation compiler.
2026.02.16 19:08:29 INFO  no build target found for C:\Users\nelso\OneDrive\Desktop\HelpDesk\app-employee\src\main\java\io\github\nelsonsoria\helpdesk\restcontroller\EmployeeRest.java. Using fallback presentation compiler.
2026.02.16 19:08:29 INFO  no build target found for C:\Users\nelso\OneDrive\Desktop\HelpDesk\app-employee\src\main\java\io\github\nelsonsoria\helpdesk\restcontroller\EmployeeRest.java. Using fallback presentation compiler.
2026.02.16 19:08:30 INFO  no build target found for C:\Users\nelso\OneDrive\Desktop\HelpDesk\app-employee\src\main\java\io\github\nelsonsoria\helpdesk\restcontroller\EmployeeRest.java. Using fallback presentation compiler.
2026.02.16 19:08:30 INFO  no build target found for C:\Users\nelso\OneDrive\Desktop\HelpDesk\app-employee\src\main\java\io\github\nelsonsoria\helpdesk\restcontroller\EmployeeRest.java. Using fallback presentation compiler.
2026.02.16 19:08:30 INFO  no build target found for C:\Users\nelso\OneDrive\Desktop\HelpDesk\app-employee\src\main\java\io\github\nelsonsoria\helpdesk\restcontroller\EmployeeRest.java. Using fallback presentation compiler.
2026.02.16 19:08:31 INFO  no build target found for C:\Users\nelso\OneDrive\Desktop\HelpDesk\app-employee\src\main\java\io\github\nelsonsoria\helpdesk\restcontroller\EmployeeRest.java. Using fallback presentation compiler.
2026.02.16 19:08:30 INFO  no build target found for C:\Users\nelso\OneDrive\Desktop\HelpDesk\app-employee\src\main\java\io\github\nelsonsoria\helpdesk\restcontroller\EmployeeRest.java. Using fallback presentation compiler.
2026.02.16 19:08:31 INFO  no build target found for C:\Users\nelso\OneDrive\Desktop\HelpDesk\app-employee\src\main\java\io\github\nelsonsoria\helpdesk\restcontroller\EmployeeRest.java. Using fallback presentation compiler.
2026.02.16 19:08:33 INFO  no build target found for C:\Users\nelso\OneDrive\Desktop\HelpDesk\app-employee\src\main\java\io\github\nelsonsoria\helpdesk\restcontroller\EmployeeRest.java. Using fallback presentation compiler.
2026.02.16 19:08:33 INFO  no build target found for C:\Users\nelso\OneDrive\Desktop\HelpDesk\app-employee\src\main\java\io\github\nelsonsoria\helpdesk\restcontroller\EmployeeRest.java. Using fallback presentation compiler.
2026.02.16 19:08:33 INFO  no build target found for C:\Users\nelso\OneDrive\Desktop\HelpDesk\app-employee\src\main\java\io\github\nelsonsoria\helpdesk\restcontroller\EmployeeRest.java. Using fallback presentation compiler.
2026.02.16 19:08:33 INFO  no build target found for C:\Users\nelso\OneDrive\Desktop\HelpDesk\app-employee\src\main\java\io\github\nelsonsoria\helpdesk\restcontroller\EmployeeRest.java. Using fallback presentation compiler.
2026.02.16 19:08:33 INFO  no build target found for C:\Users\nelso\OneDrive\Desktop\HelpDesk\app-employee\src\main\java\io\github\nelsonsoria\helpdesk\restcontroller\EmployeeRest.java. Using fallback presentation compiler.
2026.02.16 19:08:33 INFO  no build target found for C:\Users\nelso\OneDrive\Desktop\HelpDesk\app-employee\src\main\java\io\github\nelsonsoria\helpdesk\restcontroller\EmployeeRest.java. Using fallback presentation compiler.
2026.02.16 19:08:34 INFO  no build target found for C:\Users\nelso\OneDrive\Desktop\HelpDesk\app-employee\src\main\java\io\github\nelsonsoria\helpdesk\restcontroller\EmployeeRest.java. Using fallback presentation compiler.
2026.02.16 19:08:34 INFO  no build target found for C:\Users\nelso\OneDrive\Desktop\HelpDesk\app-employee\src\main\java\io\github\nelsonsoria\helpdesk\restcontroller\EmployeeRest.java. Using fallback presentation compiler.
2026.02.16 19:08:34 INFO  no build target found for C:\Users\nelso\OneDrive\Desktop\HelpDesk\app-employee\src\main\java\io\github\nelsonsoria\helpdesk\restcontroller\EmployeeRest.java. Using fallback presentation compiler.
2026.02.16 19:08:34 INFO  no build target found for C:\Users\nelso\OneDrive\Desktop\HelpDesk\app-employee\src\main\java\io\github\nelsonsoria\helpdesk\restcontroller\EmployeeRest.java. Using fallback presentation compiler.
2026.02.16 19:08:34 INFO  no build target found for C:\Users\nelso\OneDrive\Desktop\HelpDesk\app-employee\src\main\java\io\github\nelsonsoria\helpdesk\restcontroller\EmployeeRest.java. Using fallback presentation compiler.
2026.02.16 19:08:35 INFO  no build target found for C:\Users\nelso\OneDrive\Desktop\HelpDesk\app-employee\src\main\java\io\github\nelsonsoria\helpdesk\restcontroller\EmployeeRest.java. Using fallback presentation compiler.
2026.02.16 19:08:34 INFO  no build target found for C:\Users\nelso\OneDrive\Desktop\HelpDesk\app-employee\src\main\java\io\github\nelsonsoria\helpdesk\restcontroller\EmployeeRest.java. Using fallback presentation compiler.
2026.02.16 19:08:34 INFO  no build target found for C:\Users\nelso\OneDrive\Desktop\HelpDesk\app-employee\src\main\java\io\github\nelsonsoria\helpdesk\restcontroller\EmployeeRest.java. Using fallback presentation compiler.
2026.02.16 19:08:35 INFO  no build target found for C:\Users\nelso\OneDrive\Desktop\HelpDesk\app-employee\src\main\java\io\github\nelsonsoria\helpdesk\restcontroller\EmployeeRest.java. Using fallback presentation compiler.
2026.02.16 19:08:35 INFO  no build target found for C:\Users\nelso\OneDrive\Desktop\HelpDesk\app-employee\src\main\java\io\github\nelsonsoria\helpdesk\restcontroller\EmployeeRest.java. Using fallback presentation compiler.
2026.02.16 19:08:35 INFO  no build target found for C:\Users\nelso\OneDrive\Desktop\HelpDesk\app-employee\src\main\java\io\github\nelsonsoria\helpdesk\restcontroller\EmployeeRest.java. Using fallback presentation compiler.
2026.02.16 19:08:35 INFO  no build target found for C:\Users\nelso\OneDrive\Desktop\HelpDesk\app-employee\src\main\java\io\github\nelsonsoria\helpdesk\restcontroller\EmployeeRest.java. Using fallback presentation compiler.
2026.02.16 19:08:35 INFO  no build target found for C:\Users\nelso\OneDrive\Desktop\HelpDesk\app-employee\src\main\java\io\github\nelsonsoria\helpdesk\restcontroller\EmployeeRest.java. Using fallback presentation compiler.
2026.02.16 19:08:35 INFO  no build target found for C:\Users\nelso\OneDrive\Desktop\HelpDesk\app-employee\src\main\java\io\github\nelsonsoria\helpdesk\restcontroller\EmployeeRest.java. Using fallback presentation compiler.
2026.02.16 19:08:35 INFO  no build target found for C:\Users\nelso\OneDrive\Desktop\HelpDesk\app-employee\src\main\java\io\github\nelsonsoria\helpdesk\restcontroller\EmployeeRest.java. Using fallback presentation compiler.
2026.02.16 19:08:35 INFO  no build target found for C:\Users\nelso\OneDrive\Desktop\HelpDesk\app-employee\src\main\java\io\github\nelsonsoria\helpdesk\restcontroller\EmployeeRest.java. Using fallback presentation compiler.
2026.02.16 19:08:35 INFO  no build target found for C:\Users\nelso\OneDrive\Desktop\HelpDesk\app-employee\src\main\java\io\github\nelsonsoria\helpdesk\restcontroller\EmployeeRest.java. Using fallback presentation compiler.
2026.02.16 19:08:36 INFO  no build target found for C:\Users\nelso\OneDrive\Desktop\HelpDesk\app-employee\src\main\java\io\github\nelsonsoria\helpdesk\restcontroller\EmployeeRest.java. Using fallback presentation compiler.
2026.02.16 19:08:36 INFO  no build target found for C:\Users\nelso\OneDrive\Desktop\HelpDesk\app-employee\src\main\java\io\github\nelsonsoria\helpdesk\restcontroller\EmployeeRest.java. Using fallback presentation compiler.
2026.02.16 19:08:36 INFO  no build target found for C:\Users\nelso\OneDrive\Desktop\HelpDesk\app-employee\src\main\java\io\github\nelsonsoria\helpdesk\restcontroller\EmployeeRest.java. Using fallback presentation compiler.
2026.02.16 19:08:40 INFO  no build target found for C:\Users\nelso\OneDrive\Desktop\HelpDesk\app-employee\src\main\java\io\github\nelsonsoria\helpdesk\restcontroller\EmployeeRest.java. Using fallback presentation compiler.
2026.02.16 19:08:40 INFO  no build target found for C:\Users\nelso\OneDrive\Desktop\HelpDesk\app-employee\src\main\java\io\github\nelsonsoria\helpdesk\restcontroller\EmployeeRest.java. Using fallback presentation compiler.
2026.02.16 19:08:40 INFO  no build target found for C:\Users\nelso\OneDrive\Desktop\HelpDesk\app-employee\src\main\java\io\github\nelsonsoria\helpdesk\restcontroller\EmployeeRest.java. Using fallback presentation compiler.
2026.02.16 19:08:41 INFO  no build target found for C:\Users\nelso\OneDrive\Desktop\HelpDesk\app-employee\src\main\java\io\github\nelsonsoria\helpdesk\restcontroller\EmployeeRest.java. Using fallback presentation compiler.
2026.02.16 19:08:40 INFO  no build target found for C:\Users\nelso\OneDrive\Desktop\HelpDesk\app-employee\src\main\java\io\github\nelsonsoria\helpdesk\restcontroller\EmployeeRest.java. Using fallback presentation compiler.
2026.02.16 19:08:40 INFO  no build target found for C:\Users\nelso\OneDrive\Desktop\HelpDesk\app-employee\src\main\java\io\github\nelsonsoria\helpdesk\restcontroller\EmployeeRest.java. Using fallback presentation compiler.
2026.02.16 19:08:40 INFO  no build target found for C:\Users\nelso\OneDrive\Desktop\HelpDesk\app-employee\src\main\java\io\github\nelsonsoria\helpdesk\restcontroller\EmployeeRest.java. Using fallback presentation compiler.
2026.02.16 19:08:41 INFO  no build target found for C:\Users\nelso\OneDrive\Desktop\HelpDesk\app-employee\src\main\java\io\github\nelsonsoria\helpdesk\restcontroller\EmployeeRest.java. Using fallback presentation compiler.
2026.02.16 19:08:41 INFO  no build target found for C:\Users\nelso\OneDrive\Desktop\HelpDesk\app-employee\src\main\java\io\github\nelsonsoria\helpdesk\restcontroller\EmployeeRest.java. Using fallback presentation compiler.
2026.02.16 19:08:41 INFO  no build target found for C:\Users\nelso\OneDrive\Desktop\HelpDesk\app-employee\src\main\java\io\github\nelsonsoria\helpdesk\restcontroller\EmployeeRest.java. Using fallback presentation compiler.
2026.02.16 19:08:41 INFO  no build target found for C:\Users\nelso\OneDrive\Desktop\HelpDesk\app-employee\src\main\java\io\github\nelsonsoria\helpdesk\restcontroller\EmployeeRest.java. Using fallback presentation compiler.
2026.02.16 19:08:42 INFO  no build target found for C:\Users\nelso\OneDrive\Desktop\HelpDesk\app-employee\src\main\java\io\github\nelsonsoria\helpdesk\restcontroller\EmployeeRest.java. Using fallback presentation compiler.
2026.02.16 19:08:41 INFO  no build target found for C:\Users\nelso\OneDrive\Desktop\HelpDesk\app-employee\src\main\java\io\github\nelsonsoria\helpdesk\restcontroller\EmployeeRest.java. Using fallback presentation compiler.
2026.02.16 19:08:42 INFO  no build target found for C:\Users\nelso\OneDrive\Desktop\HelpDesk\app-employee\src\main\java\io\github\nelsonsoria\helpdesk\restcontroller\EmployeeRest.java. Using fallback presentation compiler.
2026.02.16 19:08:42 INFO  no build target found for C:\Users\nelso\OneDrive\Desktop\HelpDesk\app-employee\src\main\java\io\github\nelsonsoria\helpdesk\restcontroller\EmployeeRest.java. Using fallback presentation compiler.
2026.02.16 19:08:42 INFO  no build target found for C:\Users\nelso\OneDrive\Desktop\HelpDesk\app-employee\src\main\java\io\github\nelsonsoria\helpdesk\restcontroller\EmployeeRest.java. Using fallback presentation compiler.
2026.02.16 19:08:42 INFO  no build target found for C:\Users\nelso\OneDrive\Desktop\HelpDesk\app-employee\src\main\java\io\github\nelsonsoria\helpdesk\restcontroller\EmployeeRest.java. Using fallback presentation compiler.
2026.02.16 19:08:50 INFO  no build target found for C:\Users\nelso\OneDrive\Desktop\HelpDesk\app-employee\src\main\java\io\github\nelsonsoria\helpdesk\dto\employee\EmployeeDTO.java. Using fallback presentation compiler.
2026.02.16 19:08:50 INFO  no build target found for C:\Users\nelso\OneDrive\Desktop\HelpDesk\app-employee\src\main\java\io\github\nelsonsoria\helpdesk\dto\employee\EmployeeDTO.java. Using fallback presentation compiler.
2026.02.16 19:08:51 INFO  no build target found for C:\Users\nelso\OneDrive\Desktop\HelpDesk\app-employee\src\main\java\io\github\nelsonsoria\helpdesk\dto\employee\EmployeeDTO.java. Using fallback presentation compiler.
2026.02.16 19:08:51 INFO  no build target found for C:\Users\nelso\OneDrive\Desktop\HelpDesk\app-employee\src\main\java\io\github\nelsonsoria\helpdesk\dto\employee\EmployeeDTO.java. Using fallback presentation compiler.
2026.02.16 19:08:51 INFO  no build target found for C:\Users\nelso\OneDrive\Desktop\HelpDesk\app-employee\src\main\java\io\github\nelsonsoria\helpdesk\dto\employee\EmployeeDTO.java. Using fallback presentation compiler.
2026.02.16 19:08:51 INFO  no build target found for C:\Users\nelso\OneDrive\Desktop\HelpDesk\app-employee\src\main\java\io\github\nelsonsoria\helpdesk\dto\employee\EmployeeDTO.java. Using fallback presentation compiler.
2026.02.16 19:08:51 INFO  no build target found for C:\Users\nelso\OneDrive\Desktop\HelpDesk\app-employee\src\main\java\io\github\nelsonsoria\helpdesk\dto\employee\EmployeeDTO.java. Using fallback presentation compiler.
2026.02.16 19:08:52 INFO  no build target found for C:\Users\nelso\OneDrive\Desktop\HelpDesk\app-employee\src\main\java\io\github\nelsonsoria\helpdesk\dto\employee\EmployeeDTO.java. Using fallback presentation compiler.
2026.02.16 19:08:52 INFO  no build target found for C:\Users\nelso\OneDrive\Desktop\HelpDesk\app-employee\src\main\java\io\github\nelsonsoria\helpdesk\dto\employee\EmployeeDTO.java. Using fallback presentation compiler.
2026.02.16 19:09:04 INFO  no build target found for C:\Users\nelso\OneDrive\Desktop\HelpDesk\app-employee\src\main\java\io\github\nelsonsoria\helpdesk\dto\employee\EmployeeDTO.java. Using fallback presentation compiler.
2026.02.16 19:09:04 INFO  no build target found for C:\Users\nelso\OneDrive\Desktop\HelpDesk\app-employee\src\main\java\io\github\nelsonsoria\helpdesk\dto\employee\EmployeeDTO.java. Using fallback presentation compiler.
2026.02.16 19:09:04 INFO  no build target found for C:\Users\nelso\OneDrive\Desktop\HelpDesk\app-employee\src\main\java\io\github\nelsonsoria\helpdesk\dto\employee\EmployeeDTO.java. Using fallback presentation compiler.
2026.02.16 19:09:05 INFO  no build target found for C:\Users\nelso\OneDrive\Desktop\HelpDesk\app-employee\src\main\java\io\github\nelsonsoria\helpdesk\dto\employee\EmployeeDTO.java. Using fallback presentation compiler.
2026.02.16 19:09:08 INFO  no build target found for C:\Users\nelso\OneDrive\Desktop\HelpDesk\app-employee\src\main\java\io\github\nelsonsoria\helpdesk\dto\employee\EmployeeDTO.java. Using fallback presentation compiler.
2026.02.16 19:09:09 INFO  no build target found for C:\Users\nelso\OneDrive\Desktop\HelpDesk\app-employee\src\main\java\io\github\nelsonsoria\helpdesk\dto\employee\EmployeeSummaryDto.java. Using fallback presentation compiler.
2026.02.16 19:09:09 INFO  no build target found for C:\Users\nelso\OneDrive\Desktop\HelpDesk\app-employee\src\main\java\io\github\nelsonsoria\helpdesk\dto\employee\EmployeeSummaryDto.java. Using fallback presentation compiler.
2026.02.16 19:09:09 INFO  no build target found for C:\Users\nelso\OneDrive\Desktop\HelpDesk\app-employee\src\main\java\io\github\nelsonsoria\helpdesk\dto\employee\EmployeeSummaryDto.java. Using fallback presentation compiler.
2026.02.16 19:09:11 WARN  no build target for: C:\Users\nelso\OneDrive\Desktop\HelpDesk\app-employee\src\main\java\io\github\nelsonsoria\helpdesk\dto\employee\EmployeeDTO.java
2026.02.16 19:09:11 INFO  no build target found for C:\Users\nelso\OneDrive\Desktop\HelpDesk\app-employee\src\main\java\io\github\nelsonsoria\helpdesk\dto\employee\EmployeeDTO.java. Using fallback presentation compiler.
2026.02.16 19:09:11 INFO  no build target found for C:\Users\nelso\OneDrive\Desktop\HelpDesk\app-employee\src\main\java\io\github\nelsonsoria\helpdesk\dto\employee\EmployeeDTO.java. Using fallback presentation compiler.
2026.02.16 19:09:19 INFO  no build target found for C:\Users\nelso\OneDrive\Desktop\HelpDesk\app-employee\src\main\java\io\github\nelsonsoria\helpdesk\dto\employee\EmployeeDTO.java. Using fallback presentation compiler.
2026.02.16 19:09:19 INFO  no build target found for C:\Users\nelso\OneDrive\Desktop\HelpDesk\app-employee\src\main\java\io\github\nelsonsoria\helpdesk\dto\employee\EmployeeDTO.java. Using fallback presentation compiler.
2026.02.16 19:09:23 INFO  no build target found for C:\Users\nelso\OneDrive\Desktop\HelpDesk\app-employee\src\main\java\io\github\nelsonsoria\helpdesk\dto\employee\EmployeeDTO.java. Using fallback presentation compiler.
2026.02.16 19:09:23 INFO  no build target found for C:\Users\nelso\OneDrive\Desktop\HelpDesk\app-employee\src\main\java\io\github\nelsonsoria\helpdesk\dto\employee\EmployeeDTO.java. Using fallback presentation compiler.
2026.02.16 19:09:23 INFO  no build target found for C:\Users\nelso\OneDrive\Desktop\HelpDesk\app-employee\src\main\java\io\github\nelsonsoria\helpdesk\dto\employee\EmployeeDTO.java. Using fallback presentation compiler.
2026.02.16 19:09:23 INFO  no build target found for C:\Users\nelso\OneDrive\Desktop\HelpDesk\app-employee\src\main\java\io\github\nelsonsoria\helpdesk\dto\employee\EmployeeDTO.java. Using fallback presentation compiler.
2026.02.16 19:09:23 INFO  no build target found for C:\Users\nelso\OneDrive\Desktop\HelpDesk\app-employee\src\main\java\io\github\nelsonsoria\helpdesk\dto\employee\EmployeeDTO.java. Using fallback presentation compiler.
2026.02.16 19:09:24 INFO  no build target found for C:\Users\nelso\OneDrive\Desktop\HelpDesk\app-employee\src\main\java\io\github\nelsonsoria\helpdesk\dto\employee\EmployeeDTO.java. Using fallback presentation compiler.
2026.02.16 19:09:23 INFO  no build target found for C:\Users\nelso\OneDrive\Desktop\HelpDesk\app-employee\src\main\java\io\github\nelsonsoria\helpdesk\dto\employee\EmployeeDTO.java. Using fallback presentation compiler.
2026.02.16 19:09:23 INFO  no build target found for C:\Users\nelso\OneDrive\Desktop\HelpDesk\app-employee\src\main\java\io\github\nelsonsoria\helpdesk\dto\employee\EmployeeDTO.java. Using fallback presentation compiler.
2026.02.16 19:09:24 INFO  no build target found for C:\Users\nelso\OneDrive\Desktop\HelpDesk\app-employee\src\main\java\io\github\nelsonsoria\helpdesk\dto\employee\EmployeeDTO.java. Using fallback presentation compiler.
2026.02.16 19:09:26 INFO  no build target found for C:\Users\nelso\OneDrive\Desktop\HelpDesk\app-employee\src\main\java\io\github\nelsonsoria\helpdesk\dto\employee\EmployeeDTO.java. Using fallback presentation compiler.
2026.02.16 19:09:26 INFO  no build target found for C:\Users\nelso\OneDrive\Desktop\HelpDesk\app-employee\src\main\java\io\github\nelsonsoria\helpdesk\dto\employee\EmployeeDTO.java. Using fallback presentation compiler.
2026.02.16 19:09:28 WARN  no build target for: C:\Users\nelso\OneDrive\Desktop\HelpDesk\app-employee\src\main\java\io\github\nelsonsoria\helpdesk\dto\employee\EmployeeDTO.java
2026.02.16 19:09:28 INFO  no build target found for C:\Users\nelso\OneDrive\Desktop\HelpDesk\app-employee\src\main\java\io\github\nelsonsoria\helpdesk\dto\employee\EmployeeDTO.java. Using fallback presentation compiler.
2026.02.16 19:09:31 INFO  no build target found for C:\Users\nelso\OneDrive\Desktop\HelpDesk\app-employee\src\main\java\io\github\nelsonsoria\helpdesk\dto\employee\EmployeeSummaryDto.java. Using fallback presentation compiler.
2026.02.16 19:09:31 INFO  no build target found for C:\Users\nelso\OneDrive\Desktop\HelpDesk\app-employee\src\main\java\io\github\nelsonsoria\helpdesk\Service\EmployeeServiceImpl.java. Using fallback presentation compiler.
2026.02.16 19:09:31 INFO  no build target found for C:\Users\nelso\OneDrive\Desktop\HelpDesk\app-employee\src\main\java\io\github\nelsonsoria\helpdesk\Service\EmployeeServiceImpl.java. Using fallback presentation compiler.
2026.02.16 19:09:31 INFO  no build target found for C:\Users\nelso\OneDrive\Desktop\HelpDesk\app-employee\src\main\java\io\github\nelsonsoria\helpdesk\Service\EmployeeServiceImpl.java. Using fallback presentation compiler.
2026.02.16 19:09:34 INFO  no build target found for C:\Users\nelso\OneDrive\Desktop\HelpDesk\app-employee\src\main\java\io\github\nelsonsoria\helpdesk\Service\EmployeeServiceImpl.java. Using fallback presentation compiler.
2026.02.16 19:09:34 INFO  no build target found for C:\Users\nelso\OneDrive\Desktop\HelpDesk\app-employee\src\main\java\io\github\nelsonsoria\helpdesk\Service\EmployeeServiceImpl.java. Using fallback presentation compiler.
2026.02.16 19:09:34 INFO  no build target found for C:\Users\nelso\OneDrive\Desktop\HelpDesk\app-employee\src\main\java\io\github\nelsonsoria\helpdesk\Service\EmployeeServiceImpl.java. Using fallback presentation compiler.
2026.02.16 19:09:34 INFO  no build target found for C:\Users\nelso\OneDrive\Desktop\HelpDesk\app-employee\src\main\java\io\github\nelsonsoria\helpdesk\Service\EmployeeServiceImpl.java. Using fallback presentation compiler.
2026.02.16 19:09:35 INFO  no build target found for C:\Users\nelso\OneDrive\Desktop\HelpDesk\app-employee\src\main\java\io\github\nelsonsoria\helpdesk\Service\EmployeeServiceImpl.java. Using fallback presentation compiler.
2026.02.16 19:09:35 INFO  no build target found for C:\Users\nelso\OneDrive\Desktop\HelpDesk\app-employee\src\main\java\io\github\nelsonsoria\helpdesk\Service\EmployeeServiceImpl.java. Using fallback presentation compiler.
2026.02.16 19:09:35 INFO  no build target found for C:\Users\nelso\OneDrive\Desktop\HelpDesk\app-employee\src\main\java\io\github\nelsonsoria\helpdesk\Service\EmployeeServiceImpl.java. Using fallback presentation compiler.
2026.02.16 19:09:35 INFO  no build target found for C:\Users\nelso\OneDrive\Desktop\HelpDesk\app-employee\src\main\java\io\github\nelsonsoria\helpdesk\Service\EmployeeServiceImpl.java. Using fallback presentation compiler.
2026.02.16 19:09:35 INFO  no build target found for C:\Users\nelso\OneDrive\Desktop\HelpDesk\app-employee\src\main\java\io\github\nelsonsoria\helpdesk\Service\EmployeeServiceImpl.java. Using fallback presentation compiler.
2026.02.16 19:09:35 INFO  no build target found for C:\Users\nelso\OneDrive\Desktop\HelpDesk\app-employee\src\main\java\io\github\nelsonsoria\helpdesk\Service\EmployeeServiceImpl.java. Using fallback presentation compiler.
2026.02.16 19:09:35 INFO  no build target found for C:\Users\nelso\OneDrive\Desktop\HelpDesk\app-employee\src\main\java\io\github\nelsonsoria\helpdesk\Service\EmployeeServiceImpl.java. Using fallback presentation compiler.
2026.02.16 19:09:36 INFO  no build target found for C:\Users\nelso\OneDrive\Desktop\HelpDesk\app-employee\src\main\java\io\github\nelsonsoria\helpdesk\Service\EmployeeServiceImpl.java. Using fallback presentation compiler.
2026.02.16 19:09:36 INFO  no build target found for C:\Users\nelso\OneDrive\Desktop\HelpDesk\app-employee\src\main\java\io\github\nelsonsoria\helpdesk\Service\EmployeeServiceImpl.java. Using fallback presentation compiler.
2026.02.16 19:09:36 INFO  no build target found for C:\Users\nelso\OneDrive\Desktop\HelpDesk\app-employee\src\main\java\io\github\nelsonsoria\helpdesk\Service\EmployeeServiceImpl.java. Using fallback presentation compiler.
2026.02.16 19:09:38 INFO  no build target found for C:\Users\nelso\OneDrive\Desktop\HelpDesk\app-employee\src\main\java\io\github\nelsonsoria\helpdesk\Service\EmployeeServiceImpl.java. Using fallback presentation compiler.
2026.02.16 19:09:38 INFO  no build target found for C:\Users\nelso\OneDrive\Desktop\HelpDesk\app-employee\src\main\java\io\github\nelsonsoria\helpdesk\Service\EmployeeServiceImpl.java. Using fallback presentation compiler.
2026.02.16 19:09:38 INFO  no build target found for C:\Users\nelso\OneDrive\Desktop\HelpDesk\app-employee\src\main\java\io\github\nelsonsoria\helpdesk\Service\EmployeeServiceImpl.java. Using fallback presentation compiler.
Feb 16, 2026 7:09:39 PM org.eclipse.lsp4j.jsonrpc.RemoteEndpoint fallbackResponseError
SEVERE: Internal error: Range [-1, 1888) out of bounds for length 2352
java.lang.StringIndexOutOfBoundsException: Range [-1, 1888) out of bounds for length 2352
	at java.base/jdk.internal.util.Preconditions$1.apply(Preconditions.java:55)
	at java.base/jdk.internal.util.Preconditions$1.apply(Preconditions.java:52)
	at java.base/jdk.internal.util.Preconditions$4.apply(Preconditions.java:213)
	at java.base/jdk.internal.util.Preconditions$4.apply(Preconditions.java:210)
	at java.base/jdk.internal.util.Preconditions.outOfBounds(Preconditions.java:98)
	at java.base/jdk.internal.util.Preconditions.outOfBoundsCheckFromToIndex(Preconditions.java:112)
	at java.base/jdk.internal.util.Preconditions.checkFromToIndex(Preconditions.java:349)
	at java.base/java.lang.String.checkBoundsBeginEnd(String.java:4865)
	at java.base/java.lang.String.substring(String.java:2834)
	at scala.meta.internal.pc.JavaMetalsGlobal.findIndentifierStartAndEnd(JavaMetalsGlobal.scala:87)
	at scala.meta.internal.pc.ReferenceScanner.scan(ReferenceScanner.scala:48)
	at scala.meta.internal.pc.ReferenceScanner.scan(ReferenceScanner.scala:14)
	at jdk.compiler/com.sun.source.util.TreeScanner.scanAndReduce(TreeScanner.java:96)
	at jdk.compiler/com.sun.source.util.TreeScanner.scan(TreeScanner.java:111)
	at jdk.compiler/com.sun.source.util.TreeScanner.visitBlock(TreeScanner.java:272)
	at jdk.compiler/com.sun.tools.javac.tree.JCTree$JCBlock.accept(JCTree.java:1104)
	at jdk.compiler/com.sun.source.util.TreePathScanner.scan(TreePathScanner.java:92)
	at scala.meta.internal.pc.ReferenceScanner.scan(ReferenceScanner.scala:69)
	at scala.meta.internal.pc.ReferenceScanner.scan(ReferenceScanner.scala:14)
	at jdk.compiler/com.sun.source.util.TreeScanner.scanAndReduce(TreeScanner.java:96)
	at jdk.compiler/com.sun.source.util.TreeScanner.visitMethod(TreeScanner.java:224)
	at jdk.compiler/com.sun.tools.javac.tree.JCTree$JCMethodDecl.accept(JCTree.java:948)
	at jdk.compiler/com.sun.source.util.TreePathScanner.scan(TreePathScanner.java:92)
	at scala.meta.internal.pc.ReferenceScanner.scan(ReferenceScanner.scala:69)
	at scala.meta.internal.pc.ReferenceScanner.scan(ReferenceScanner.scala:14)
	at jdk.compiler/com.sun.source.util.TreeScanner.scanAndReduce(TreeScanner.java:96)
	at jdk.compiler/com.sun.source.util.TreeScanner.scan(TreeScanner.java:111)
	at jdk.compiler/com.sun.source.util.TreeScanner.scanAndReduce(TreeScanner.java:119)
	at jdk.compiler/com.sun.source.util.TreeScanner.visitClass(TreeScanner.java:203)
	at jdk.compiler/com.sun.tools.javac.tree.JCTree$JCClassDecl.accept(JCTree.java:855)
	at jdk.compiler/com.sun.source.util.TreePathScanner.scan(TreePathScanner.java:92)
	at scala.meta.internal.pc.ReferenceScanner.scan(ReferenceScanner.scala:69)
	at scala.meta.internal.pc.ReferenceScanner.scan(ReferenceScanner.scala:14)
	at jdk.compiler/com.sun.source.util.TreeScanner.scan(TreeScanner.java:111)
	at jdk.compiler/com.sun.source.util.TreeScanner.scanAndReduce(TreeScanner.java:119)
	at jdk.compiler/com.sun.source.util.TreeScanner.visitCompilationUnit(TreeScanner.java:152)
	at jdk.compiler/com.sun.tools.javac.tree.JCTree$JCCompilationUnit.accept(JCTree.java:623)
	at jdk.compiler/com.sun.source.util.TreePathScanner.scan(TreePathScanner.java:92)
	at scala.meta.internal.pc.ReferenceScanner.scan(ReferenceScanner.scala:69)
	at scala.meta.internal.pc.JavaDocumentHighlightProvider.findAllReferences(JavaDocumentHighlightProvider.scala:71)
	at scala.meta.internal.pc.JavaDocumentHighlightProvider.documentHighlight(JavaDocumentHighlightProvider.scala:56)
	at scala.meta.internal.pc.JavaDocumentHighlightProvider.documentHighlight(JavaDocumentHighlightProvider.scala:25)
	at scala.meta.internal.pc.JavaPresentationCompiler.documentHighlight(JavaPresentationCompiler.scala:112)
	at scala.meta.internal.metals.Compilers.$anonfun$documentHighlight$1(Compilers.scala:821)
	at scala.meta.internal.metals.Compilers.$anonfun$withPCAndAdjustLsp$4(Compilers.scala:1446)
	at scala.Option.map(Option.scala:242)
	at scala.meta.internal.metals.Compilers.$anonfun$withPCAndAdjustLsp$3(Compilers.scala:1446)
	at scala.Option.flatMap(Option.scala:283)
	at scala.meta.internal.metals.Compilers.withPCAndAdjustLsp(Compilers.scala:1438)
	at scala.meta.internal.metals.Compilers.documentHighlight(Compilers.scala:816)
	at scala.meta.internal.metals.MetalsLspService.$anonfun$documentHighlights$1(MetalsLspService.scala:1015)
	at scala.meta.internal.metals.CancelTokens$.future(CancelTokens.scala:38)
	at scala.meta.internal.metals.MetalsLspService.documentHighlights(MetalsLspService.scala:1014)
	at scala.meta.internal.metals.WorkspaceLspService.documentHighlights(WorkspaceLspService.scala:541)
	at scala.meta.metals.lsp.DelegatingScalaService.documentHighlights(DelegatingScalaService.scala:83)
	at java.base/jdk.internal.reflect.DirectMethodHandleAccessor.invoke(DirectMethodHandleAccessor.java:103)
	at java.base/java.lang.reflect.Method.invoke(Method.java:580)
	at org.eclipse.lsp4j.jsonrpc.services.GenericEndpoint.lambda$recursiveFindRpcMethods$0(GenericEndpoint.java:65)
	at org.eclipse.lsp4j.jsonrpc.services.GenericEndpoint.request(GenericEndpoint.java:128)
	at org.eclipse.lsp4j.jsonrpc.RemoteEndpoint.handleRequest(RemoteEndpoint.java:271)
	at org.eclipse.lsp4j.jsonrpc.RemoteEndpoint.consume(RemoteEndpoint.java:201)
	at org.eclipse.lsp4j.jsonrpc.json.StreamMessageProducer.handleMessage(StreamMessageProducer.java:185)
	at org.eclipse.lsp4j.jsonrpc.json.StreamMessageProducer.listen(StreamMessageProducer.java:97)
	at org.eclipse.lsp4j.jsonrpc.json.ConcurrentMessageProcessor.run(ConcurrentMessageProcessor.java:114)
	at java.base/java.util.concurrent.Executors$RunnableAdapter.call(Executors.java:572)
	at java.base/java.util.concurrent.FutureTask.run(FutureTask.java:317)
	at java.base/java.util.concurrent.ThreadPoolExecutor.runWorker(ThreadPoolExecutor.java:1144)
	at java.base/java.util.concurrent.ThreadPoolExecutor$Worker.run(ThreadPoolExecutor.java:642)
	at java.base/java.lang.Thread.run(Thread.java:1583)

2026.02.16 19:09:38 INFO  no build target found for C:\Users\nelso\OneDrive\Desktop\HelpDesk\app-employee\src\main\java\io\github\nelsonsoria\helpdesk\Service\EmployeeServiceImpl.java. Using fallback presentation compiler.
2026.02.16 19:09:39 INFO  no build target found for C:\Users\nelso\OneDrive\Desktop\HelpDesk\app-employee\src\main\java\io\github\nelsonsoria\helpdesk\Service\EmployeeServiceImpl.java. Using fallback presentation compiler.
2026.02.16 19:09:39 INFO  no build target found for C:\Users\nelso\OneDrive\Desktop\HelpDesk\app-employee\src\main\java\io\github\nelsonsoria\helpdesk\Service\EmployeeServiceImpl.java. Using fallback presentation compiler.
2026.02.16 19:09:45 INFO  no build target found for C:\Users\nelso\OneDrive\Desktop\HelpDesk\app-employee\src\main\java\io\github\nelsonsoria\helpdesk\Service\EmployeeServiceImpl.java. Using fallback presentation compiler.
2026.02.16 19:09:45 INFO  no build target found for C:\Users\nelso\OneDrive\Desktop\HelpDesk\app-employee\src\main\java\io\github\nelsonsoria\helpdesk\Service\EmployeeServiceImpl.java. Using fallback presentation compiler.
2026.02.16 19:09:46 INFO  no build target found for C:\Users\nelso\OneDrive\Desktop\HelpDesk\app-employee\src\main\java\io\github\nelsonsoria\helpdesk\Service\EmployeeServiceImpl.java. Using fallback presentation compiler.
2026.02.16 19:09:46 INFO  no build target found for C:\Users\nelso\OneDrive\Desktop\HelpDesk\app-employee\src\main\java\io\github\nelsonsoria\helpdesk\Service\EmployeeServiceImpl.java. Using fallback presentation compiler.
2026.02.16 19:09:47 INFO  no build target found for C:\Users\nelso\OneDrive\Desktop\HelpDesk\app-employee\src\main\java\io\github\nelsonsoria\helpdesk\Service\EmployeeServiceImpl.java. Using fallback presentation compiler.
2026.02.16 19:09:46 INFO  no build target found for C:\Users\nelso\OneDrive\Desktop\HelpDesk\app-employee\src\main\java\io\github\nelsonsoria\helpdesk\Service\EmployeeServiceImpl.java. Using fallback presentation compiler.
2026.02.16 19:09:47 INFO  no build target found for C:\Users\nelso\OneDrive\Desktop\HelpDesk\app-employee\src\main\java\io\github\nelsonsoria\helpdesk\Service\EmployeeServiceImpl.java. Using fallback presentation compiler.
2026.02.16 19:09:46 INFO  no build target found for C:\Users\nelso\OneDrive\Desktop\HelpDesk\app-employee\src\main\java\io\github\nelsonsoria\helpdesk\Service\EmployeeServiceImpl.java. Using fallback presentation compiler.
2026.02.16 19:09:47 INFO  no build target found for C:\Users\nelso\OneDrive\Desktop\HelpDesk\app-employee\src\main\java\io\github\nelsonsoria\helpdesk\Service\EmployeeServiceImpl.java. Using fallback presentation compiler.
2026.02.16 19:09:47 INFO  no build target found for C:\Users\nelso\OneDrive\Desktop\HelpDesk\app-employee\src\main\java\io\github\nelsonsoria\helpdesk\Service\EmployeeServiceImpl.java. Using fallback presentation compiler.
2026.02.16 19:09:47 INFO  no build target found for C:\Users\nelso\OneDrive\Desktop\HelpDesk\app-employee\src\main\java\io\github\nelsonsoria\helpdesk\Service\EmployeeServiceImpl.java. Using fallback presentation compiler.
2026.02.16 19:09:47 INFO  no build target found for C:\Users\nelso\OneDrive\Desktop\HelpDesk\app-employee\src\main\java\io\github\nelsonsoria\helpdesk\Service\EmployeeServiceImpl.java. Using fallback presentation compiler.
2026.02.16 19:09:51 INFO  no build target found for C:\Users\nelso\OneDrive\Desktop\HelpDesk\app-employee\src\main\java\io\github\nelsonsoria\helpdesk\Service\EmployeeServiceImpl.java. Using fallback presentation compiler.
2026.02.16 19:09:52 INFO  no build target found for C:\Users\nelso\OneDrive\Desktop\HelpDesk\app-employee\src\main\java\io\github\nelsonsoria\helpdesk\Service\EmployeeServiceImpl.java. Using fallback presentation compiler.
2026.02.16 19:09:52 INFO  no build target found for C:\Users\nelso\OneDrive\Desktop\HelpDesk\app-employee\src\main\java\io\github\nelsonsoria\helpdesk\Service\EmployeeServiceImpl.java. Using fallback presentation compiler.
2026.02.16 19:09:52 INFO  no build target found for C:\Users\nelso\OneDrive\Desktop\HelpDesk\app-employee\src\main\java\io\github\nelsonsoria\helpdesk\Service\EmployeeServiceImpl.java. Using fallback presentation compiler.
2026.02.16 19:09:53 INFO  no build target found for C:\Users\nelso\OneDrive\Desktop\HelpDesk\app-employee\src\main\java\io\github\nelsonsoria\helpdesk\Service\EmployeeServiceImpl.java. Using fallback presentation compiler.
2026.02.16 19:09:54 INFO  no build target found for C:\Users\nelso\OneDrive\Desktop\HelpDesk\app-employee\src\main\java\io\github\nelsonsoria\helpdesk\Service\EmployeeServiceImpl.java. Using fallback presentation compiler.
2026.02.16 19:09:53 INFO  no build target found for C:\Users\nelso\OneDrive\Desktop\HelpDesk\app-employee\src\main\java\io\github\nelsonsoria\helpdesk\Service\EmployeeServiceImpl.java. Using fallback presentation compiler.
2026.02.16 19:09:53 INFO  no build target found for C:\Users\nelso\OneDrive\Desktop\HelpDesk\app-employee\src\main\java\io\github\nelsonsoria\helpdesk\Service\EmployeeServiceImpl.java. Using fallback presentation compiler.
2026.02.16 19:09:54 INFO  no build target found for C:\Users\nelso\OneDrive\Desktop\HelpDesk\app-employee\src\main\java\io\github\nelsonsoria\helpdesk\Service\EmployeeServiceImpl.java. Using fallback presentation compiler.
2026.02.16 19:09:53 INFO  no build target found for C:\Users\nelso\OneDrive\Desktop\HelpDesk\app-employee\src\main\java\io\github\nelsonsoria\helpdesk\Service\EmployeeServiceImpl.java. Using fallback presentation compiler.
2026.02.16 19:09:55 INFO  no build target found for C:\Users\nelso\OneDrive\Desktop\HelpDesk\app-employee\src\main\java\io\github\nelsonsoria\helpdesk\Service\EmployeeServiceImpl.java. Using fallback presentation compiler.
2026.02.16 19:09:55 INFO  no build target found for C:\Users\nelso\OneDrive\Desktop\HelpDesk\app-employee\src\main\java\io\github\nelsonsoria\helpdesk\Service\EmployeeServiceImpl.java. Using fallback presentation compiler.
2026.02.16 19:10:04 INFO  no build target found for C:\Users\nelso\OneDrive\Desktop\HelpDesk\app-employee\src\main\java\io\github\nelsonsoria\helpdesk\dto\employee\EmployeeSummaryDto.java. Using fallback presentation compiler.
2026.02.16 19:10:04 INFO  no build target found for C:\Users\nelso\OneDrive\Desktop\HelpDesk\app-employee\src\main\java\io\github\nelsonsoria\helpdesk\dto\employee\EmployeeSummaryDto.java. Using fallback presentation compiler.
2026.02.16 19:10:04 WARN  no build target for: C:\Users\nelso\OneDrive\Desktop\HelpDesk\app-employee\src\main\java\io\github\nelsonsoria\helpdesk\dto\employee\EmployeeDTO.java
2026.02.16 19:10:04 INFO  no build target found for C:\Users\nelso\OneDrive\Desktop\HelpDesk\app-employee\src\main\java\io\github\nelsonsoria\helpdesk\dto\employee\EmployeeDTO.java. Using fallback presentation compiler.
2026.02.16 19:10:04 INFO  no build target found for C:\Users\nelso\OneDrive\Desktop\HelpDesk\app-employee\src\main\java\io\github\nelsonsoria\helpdesk\dto\employee\EmployeeDTO.java. Using fallback presentation compiler.
2026.02.16 19:10:07 WARN  no build target for: C:\Users\nelso\OneDrive\Desktop\HelpDesk\app-employee\src\main\java\io\github\nelsonsoria\helpdesk\Service\EmployeeServiceImpl.java
2026.02.16 19:10:07 INFO  no build target found for C:\Users\nelso\OneDrive\Desktop\HelpDesk\app-employee\src\main\java\io\github\nelsonsoria\helpdesk\Service\EmployeeServiceImpl.java. Using fallback presentation compiler.
2026.02.16 19:10:07 INFO  no build target found for C:\Users\nelso\OneDrive\Desktop\HelpDesk\app-employee\src\main\java\io\github\nelsonsoria\helpdesk\Service\EmployeeServiceImpl.java. Using fallback presentation compiler.
2026.02.16 19:10:07 INFO  no build target found for C:\Users\nelso\OneDrive\Desktop\HelpDesk\app-employee\src\main\java\io\github\nelsonsoria\helpdesk\Service\EmployeeServiceImpl.java. Using fallback presentation compiler.
2026.02.16 19:10:09 WARN  no build target for: C:\Users\nelso\OneDrive\Desktop\HelpDesk\app-employee\src\main\java\io\github\nelsonsoria\helpdesk\restcontroller\EmployeeRest.java
2026.02.16 19:10:09 INFO  no build target found for C:\Users\nelso\OneDrive\Desktop\HelpDesk\app-employee\src\main\java\io\github\nelsonsoria\helpdesk\restcontroller\EmployeeRest.java. Using fallback presentation compiler.
2026.02.16 19:10:09 INFO  no build target found for C:\Users\nelso\OneDrive\Desktop\HelpDesk\app-employee\src\main\java\io\github\nelsonsoria\helpdesk\restcontroller\EmployeeRest.java. Using fallback presentation compiler.
2026.02.16 19:10:09 INFO  no build target found for C:\Users\nelso\OneDrive\Desktop\HelpDesk\app-employee\src\main\java\io\github\nelsonsoria\helpdesk\restcontroller\EmployeeRest.java. Using fallback presentation compiler.
2026.02.16 19:10:09 INFO  no build target found for C:\Users\nelso\OneDrive\Desktop\HelpDesk\app-employee\src\main\java\io\github\nelsonsoria\helpdesk\restcontroller\EmployeeRest.java. Using fallback presentation compiler.
2026.02.16 19:10:11 INFO  no build target found for C:\Users\nelso\OneDrive\Desktop\HelpDesk\app-employee\src\main\java\io\github\nelsonsoria\helpdesk\restcontroller\EmployeeRest.java. Using fallback presentation compiler.
2026.02.16 19:10:11 INFO  no build target found for C:\Users\nelso\OneDrive\Desktop\HelpDesk\app-employee\src\main\java\io\github\nelsonsoria\helpdesk\restcontroller\EmployeeRest.java. Using fallback presentation compiler.
2026.02.16 19:10:12 INFO  no build target found for C:\Users\nelso\OneDrive\Desktop\HelpDesk\app-employee\src\main\java\io\github\nelsonsoria\helpdesk\restcontroller\EmployeeRest.java. Using fallback presentation compiler.
2026.02.16 19:10:16 INFO  no build target found for C:\Users\nelso\OneDrive\Desktop\HelpDesk\app-employee\src\main\java\io\github\nelsonsoria\helpdesk\restcontroller\EmployeeRest.java. Using fallback presentation compiler.
2026.02.16 19:10:16 INFO  no build target found for C:\Users\nelso\OneDrive\Desktop\HelpDesk\app-employee\src\main\java\io\github\nelsonsoria\helpdesk\restcontroller\EmployeeRest.java. Using fallback presentation compiler.
2026.02.16 19:10:16 INFO  no build target found for C:\Users\nelso\OneDrive\Desktop\HelpDesk\app-employee\src\main\java\io\github\nelsonsoria\helpdesk\restcontroller\EmployeeRest.java. Using fallback presentation compiler.
2026.02.16 19:10:21 INFO  no build target found for C:\Users\nelso\OneDrive\Desktop\HelpDesk\app-employee\src\main\java\io\github\nelsonsoria\helpdesk\restcontroller\EmployeeRest.java. Using fallback presentation compiler.
2026.02.16 19:10:21 INFO  no build target found for C:\Users\nelso\OneDrive\Desktop\HelpDesk\app-employee\src\main\java\io\github\nelsonsoria\helpdesk\restcontroller\EmployeeRest.java. Using fallback presentation compiler.
2026.02.16 19:10:21 INFO  no build target found for C:\Users\nelso\OneDrive\Desktop\HelpDesk\app-employee\src\main\java\io\github\nelsonsoria\helpdesk\restcontroller\EmployeeRest.java. Using fallback presentation compiler.
2026.02.16 19:10:21 INFO  no build target found for C:\Users\nelso\OneDrive\Desktop\HelpDesk\app-employee\src\main\java\io\github\nelsonsoria\helpdesk\restcontroller\EmployeeRest.java. Using fallback presentation compiler.
2026.02.16 19:10:22 INFO  no build target found for C:\Users\nelso\OneDrive\Desktop\HelpDesk\app-employee\src\main\java\io\github\nelsonsoria\helpdesk\restcontroller\EmployeeRest.java. Using fallback presentation compiler.
2026.02.16 19:10:22 INFO  no build target found for C:\Users\nelso\OneDrive\Desktop\HelpDesk\app-employee\src\main\java\io\github\nelsonsoria\helpdesk\restcontroller\EmployeeRest.java. Using fallback presentation compiler.
2026.02.16 19:10:22 INFO  no build target found for C:\Users\nelso\OneDrive\Desktop\HelpDesk\app-employee\src\main\java\io\github\nelsonsoria\helpdesk\restcontroller\EmployeeRest.java. Using fallback presentation compiler.
2026.02.16 19:10:22 INFO  no build target found for C:\Users\nelso\OneDrive\Desktop\HelpDesk\app-employee\src\main\java\io\github\nelsonsoria\helpdesk\restcontroller\EmployeeRest.java. Using fallback presentation compiler.
2026.02.16 19:10:22 INFO  no build target found for C:\Users\nelso\OneDrive\Desktop\HelpDesk\app-employee\src\main\java\io\github\nelsonsoria\helpdesk\restcontroller\EmployeeRest.java. Using fallback presentation compiler.
2026.02.16 19:10:22 INFO  no build target found for C:\Users\nelso\OneDrive\Desktop\HelpDesk\app-employee\src\main\java\io\github\nelsonsoria\helpdesk\restcontroller\EmployeeRest.java. Using fallback presentation compiler.
2026.02.16 19:10:22 INFO  no build target found for C:\Users\nelso\OneDrive\Desktop\HelpDesk\app-employee\src\main\java\io\github\nelsonsoria\helpdesk\restcontroller\EmployeeRest.java. Using fallback presentation compiler.
2026.02.16 19:10:22 INFO  no build target found for C:\Users\nelso\OneDrive\Desktop\HelpDesk\app-employee\src\main\java\io\github\nelsonsoria\helpdesk\restcontroller\EmployeeRest.java. Using fallback presentation compiler.
2026.02.16 19:10:22 INFO  no build target found for C:\Users\nelso\OneDrive\Desktop\HelpDesk\app-employee\src\main\java\io\github\nelsonsoria\helpdesk\restcontroller\EmployeeRest.java. Using fallback presentation compiler.
2026.02.16 19:10:22 INFO  no build target found for C:\Users\nelso\OneDrive\Desktop\HelpDesk\app-employee\src\main\java\io\github\nelsonsoria\helpdesk\restcontroller\EmployeeRest.java. Using fallback presentation compiler.
2026.02.16 19:10:22 INFO  no build target found for C:\Users\nelso\OneDrive\Desktop\HelpDesk\app-employee\src\main\java\io\github\nelsonsoria\helpdesk\restcontroller\EmployeeRest.java. Using fallback presentation compiler.
2026.02.16 19:10:22 INFO  no build target found for C:\Users\nelso\OneDrive\Desktop\HelpDesk\app-employee\src\main\java\io\github\nelsonsoria\helpdesk\restcontroller\EmployeeRest.java. Using fallback presentation compiler.
2026.02.16 19:10:23 INFO  no build target found for C:\Users\nelso\OneDrive\Desktop\HelpDesk\app-employee\src\main\java\io\github\nelsonsoria\helpdesk\restcontroller\EmployeeRest.java. Using fallback presentation compiler.
2026.02.16 19:10:22 INFO  no build target found for C:\Users\nelso\OneDrive\Desktop\HelpDesk\app-employee\src\main\java\io\github\nelsonsoria\helpdesk\restcontroller\EmployeeRest.java. Using fallback presentation compiler.
2026.02.16 19:10:23 INFO  no build target found for C:\Users\nelso\OneDrive\Desktop\HelpDesk\app-employee\src\main\java\io\github\nelsonsoria\helpdesk\restcontroller\EmployeeRest.java. Using fallback presentation compiler.
2026.02.16 19:10:23 INFO  no build target found for C:\Users\nelso\OneDrive\Desktop\HelpDesk\app-employee\src\main\java\io\github\nelsonsoria\helpdesk\restcontroller\EmployeeRest.java. Using fallback presentation compiler.
2026.02.16 19:10:24 INFO  no build target found for C:\Users\nelso\OneDrive\Desktop\HelpDesk\app-employee\src\main\java\io\github\nelsonsoria\helpdesk\restcontroller\EmployeeRest.java. Using fallback presentation compiler.
2026.02.16 19:10:24 INFO  no build target found for C:\Users\nelso\OneDrive\Desktop\HelpDesk\app-employee\src\main\java\io\github\nelsonsoria\helpdesk\restcontroller\EmployeeRest.java. Using fallback presentation compiler.
2026.02.16 19:10:24 INFO  no build target found for C:\Users\nelso\OneDrive\Desktop\HelpDesk\app-employee\src\main\java\io\github\nelsonsoria\helpdesk\restcontroller\EmployeeRest.java. Using fallback presentation compiler.
2026.02.16 19:10:24 INFO  no build target found for C:\Users\nelso\OneDrive\Desktop\HelpDesk\app-employee\src\main\java\io\github\nelsonsoria\helpdesk\restcontroller\EmployeeRest.java. Using fallback presentation compiler.
2026.02.16 19:10:24 INFO  no build target found for C:\Users\nelso\OneDrive\Desktop\HelpDesk\app-employee\src\main\java\io\github\nelsonsoria\helpdesk\restcontroller\EmployeeRest.java. Using fallback presentation compiler.
2026.02.16 19:10:24 INFO  no build target found for C:\Users\nelso\OneDrive\Desktop\HelpDesk\app-employee\src\main\java\io\github\nelsonsoria\helpdesk\restcontroller\EmployeeRest.java. Using fallback presentation compiler.
2026.02.16 19:10:24 INFO  no build target found for C:\Users\nelso\OneDrive\Desktop\HelpDesk\app-employee\src\main\java\io\github\nelsonsoria\helpdesk\restcontroller\EmployeeRest.java. Using fallback presentation compiler.
2026.02.16 19:10:25 INFO  no build target found for C:\Users\nelso\OneDrive\Desktop\HelpDesk\app-employee\src\main\java\io\github\nelsonsoria\helpdesk\restcontroller\EmployeeRest.java. Using fallback presentation compiler.
2026.02.16 19:10:25 INFO  no build target found for C:\Users\nelso\OneDrive\Desktop\HelpDesk\app-employee\src\main\java\io\github\nelsonsoria\helpdesk\restcontroller\EmployeeRest.java. Using fallback presentation compiler.
2026.02.16 19:10:25 INFO  no build target found for C:\Users\nelso\OneDrive\Desktop\HelpDesk\app-employee\src\main\java\io\github\nelsonsoria\helpdesk\restcontroller\EmployeeRest.java. Using fallback presentation compiler.
2026.02.16 19:10:25 INFO  no build target found for C:\Users\nelso\OneDrive\Desktop\HelpDesk\app-employee\src\main\java\io\github\nelsonsoria\helpdesk\restcontroller\EmployeeRest.java. Using fallback presentation compiler.
2026.02.16 19:10:26 INFO  no build target found for C:\Users\nelso\OneDrive\Desktop\HelpDesk\app-employee\src\main\java\io\github\nelsonsoria\helpdesk\restcontroller\EmployeeRest.java. Using fallback presentation compiler.
2026.02.16 19:10:25 INFO  no build target found for C:\Users\nelso\OneDrive\Desktop\HelpDesk\app-employee\src\main\java\io\github\nelsonsoria\helpdesk\restcontroller\EmployeeRest.java. Using fallback presentation compiler.
2026.02.16 19:10:25 INFO  no build target found for C:\Users\nelso\OneDrive\Desktop\HelpDesk\app-employee\src\main\java\io\github\nelsonsoria\helpdesk\restcontroller\EmployeeRest.java. Using fallback presentation compiler.
2026.02.16 19:10:26 INFO  no build target found for C:\Users\nelso\OneDrive\Desktop\HelpDesk\app-employee\src\main\java\io\github\nelsonsoria\helpdesk\restcontroller\EmployeeRest.java. Using fallback presentation compiler.
2026.02.16 19:10:27 INFO  no build target found for C:\Users\nelso\OneDrive\Desktop\HelpDesk\app-employee\src\main\java\io\github\nelsonsoria\helpdesk\restcontroller\EmployeeRest.java. Using fallback presentation compiler.
2026.02.16 19:10:27 INFO  no build target found for C:\Users\nelso\OneDrive\Desktop\HelpDesk\app-employee\src\main\java\io\github\nelsonsoria\helpdesk\restcontroller\EmployeeRest.java. Using fallback presentation compiler.
2026.02.16 19:10:27 INFO  no build target found for C:\Users\nelso\OneDrive\Desktop\HelpDesk\app-employee\src\main\java\io\github\nelsonsoria\helpdesk\restcontroller\EmployeeRest.java. Using fallback presentation compiler.
2026.02.16 19:10:27 INFO  no build target found for C:\Users\nelso\OneDrive\Desktop\HelpDesk\app-employee\src\main\java\io\github\nelsonsoria\helpdesk\restcontroller\EmployeeRest.java. Using fallback presentation compiler.
2026.02.16 19:10:27 INFO  no build target found for C:\Users\nelso\OneDrive\Desktop\HelpDesk\app-employee\src\main\java\io\github\nelsonsoria\helpdesk\restcontroller\EmployeeRest.java. Using fallback presentation compiler.
2026.02.16 19:10:27 INFO  no build target found for C:\Users\nelso\OneDrive\Desktop\HelpDesk\app-employee\src\main\java\io\github\nelsonsoria\helpdesk\restcontroller\EmployeeRest.java. Using fallback presentation compiler.
2026.02.16 19:10:27 INFO  no build target found for C:\Users\nelso\OneDrive\Desktop\HelpDesk\app-employee\src\main\java\io\github\nelsonsoria\helpdesk\restcontroller\EmployeeRest.java. Using fallback presentation compiler.
2026.02.16 19:10:27 INFO  no build target found for C:\Users\nelso\OneDrive\Desktop\HelpDesk\app-employee\src\main\java\io\github\nelsonsoria\helpdesk\restcontroller\EmployeeRest.java. Using fallback presentation compiler.
2026.02.16 19:10:28 INFO  no build target found for C:\Users\nelso\OneDrive\Desktop\HelpDesk\app-employee\src\main\java\io\github\nelsonsoria\helpdesk\restcontroller\EmployeeRest.java. Using fallback presentation compiler.
2026.02.16 19:10:28 INFO  no build target found for C:\Users\nelso\OneDrive\Desktop\HelpDesk\app-employee\src\main\java\io\github\nelsonsoria\helpdesk\restcontroller\EmployeeRest.java. Using fallback presentation compiler.
2026.02.16 19:10:28 INFO  no build target found for C:\Users\nelso\OneDrive\Desktop\HelpDesk\app-employee\src\main\java\io\github\nelsonsoria\helpdesk\restcontroller\EmployeeRest.java. Using fallback presentation compiler.
2026.02.16 19:10:28 INFO  no build target found for C:\Users\nelso\OneDrive\Desktop\HelpDesk\app-employee\src\main\java\io\github\nelsonsoria\helpdesk\restcontroller\EmployeeRest.java. Using fallback presentation compiler.
2026.02.16 19:10:28 INFO  no build target found for C:\Users\nelso\OneDrive\Desktop\HelpDesk\app-employee\src\main\java\io\github\nelsonsoria\helpdesk\restcontroller\EmployeeRest.java. Using fallback presentation compiler.
2026.02.16 19:10:28 INFO  no build target found for C:\Users\nelso\OneDrive\Desktop\HelpDesk\app-employee\src\main\java\io\github\nelsonsoria\helpdesk\restcontroller\EmployeeRest.java. Using fallback presentation compiler.
2026.02.16 19:10:28 INFO  no build target found for C:\Users\nelso\OneDrive\Desktop\HelpDesk\app-employee\src\main\java\io\github\nelsonsoria\helpdesk\restcontroller\EmployeeRest.java. Using fallback presentation compiler.
2026.02.16 19:10:28 INFO  no build target found for C:\Users\nelso\OneDrive\Desktop\HelpDesk\app-employee\src\main\java\io\github\nelsonsoria\helpdesk\restcontroller\EmployeeRest.java. Using fallback presentation compiler.
2026.02.16 19:10:28 INFO  no build target found for C:\Users\nelso\OneDrive\Desktop\HelpDesk\app-employee\src\main\java\io\github\nelsonsoria\helpdesk\restcontroller\EmployeeRest.java. Using fallback presentation compiler.
2026.02.16 19:10:28 INFO  no build target found for C:\Users\nelso\OneDrive\Desktop\HelpDesk\app-employee\src\main\java\io\github\nelsonsoria\helpdesk\restcontroller\EmployeeRest.java. Using fallback presentation compiler.
2026.02.16 19:10:29 INFO  no build target found for C:\Users\nelso\OneDrive\Desktop\HelpDesk\app-employee\src\main\java\io\github\nelsonsoria\helpdesk\restcontroller\EmployeeRest.java. Using fallback presentation compiler.
2026.02.16 19:10:29 INFO  no build target found for C:\Users\nelso\OneDrive\Desktop\HelpDesk\app-employee\src\main\java\io\github\nelsonsoria\helpdesk\restcontroller\EmployeeRest.java. Using fallback presentation compiler.
2026.02.16 19:10:29 INFO  no build target found for C:\Users\nelso\OneDrive\Desktop\HelpDesk\app-employee\src\main\java\io\github\nelsonsoria\helpdesk\restcontroller\EmployeeRest.java. Using fallback presentation compiler.
2026.02.16 19:10:29 INFO  no build target found for C:\Users\nelso\OneDrive\Desktop\HelpDesk\app-employee\src\main\java\io\github\nelsonsoria\helpdesk\restcontroller\EmployeeRest.java. Using fallback presentation compiler.
2026.02.16 19:10:29 INFO  no build target found for C:\Users\nelso\OneDrive\Desktop\HelpDesk\app-employee\src\main\java\io\github\nelsonsoria\helpdesk\restcontroller\EmployeeRest.java. Using fallback presentation compiler.
2026.02.16 19:10:29 INFO  no build target found for C:\Users\nelso\OneDrive\Desktop\HelpDesk\app-employee\src\main\java\io\github\nelsonsoria\helpdesk\restcontroller\EmployeeRest.java. Using fallback presentation compiler.
2026.02.16 19:10:29 INFO  no build target found for C:\Users\nelso\OneDrive\Desktop\HelpDesk\app-employee\src\main\java\io\github\nelsonsoria\helpdesk\restcontroller\EmployeeRest.java. Using fallback presentation compiler.
2026.02.16 19:10:29 INFO  no build target found for C:\Users\nelso\OneDrive\Desktop\HelpDesk\app-employee\src\main\java\io\github\nelsonsoria\helpdesk\restcontroller\EmployeeRest.java. Using fallback presentation compiler.
2026.02.16 19:10:29 INFO  no build target found for C:\Users\nelso\OneDrive\Desktop\HelpDesk\app-employee\src\main\java\io\github\nelsonsoria\helpdesk\restcontroller\EmployeeRest.java. Using fallback presentation compiler.
2026.02.16 19:10:30 INFO  no build target found for C:\Users\nelso\OneDrive\Desktop\HelpDesk\app-employee\src\main\java\io\github\nelsonsoria\helpdesk\restcontroller\EmployeeRest.java. Using fallback presentation compiler.
2026.02.16 19:10:30 INFO  no build target found for C:\Users\nelso\OneDrive\Desktop\HelpDesk\app-employee\src\main\java\io\github\nelsonsoria\helpdesk\restcontroller\EmployeeRest.java. Using fallback presentation compiler.
2026.02.16 19:10:30 INFO  no build target found for C:\Users\nelso\OneDrive\Desktop\HelpDesk\app-employee\src\main\java\io\github\nelsonsoria\helpdesk\restcontroller\EmployeeRest.java. Using fallback presentation compiler.
2026.02.16 19:10:30 INFO  no build target found for C:\Users\nelso\OneDrive\Desktop\HelpDesk\app-employee\src\main\java\io\github\nelsonsoria\helpdesk\restcontroller\EmployeeRest.java. Using fallback presentation compiler.
2026.02.16 19:10:30 INFO  no build target found for C:\Users\nelso\OneDrive\Desktop\HelpDesk\app-employee\src\main\java\io\github\nelsonsoria\helpdesk\restcontroller\EmployeeRest.java. Using fallback presentation compiler.
2026.02.16 19:10:32 INFO  no build target found for C:\Users\nelso\OneDrive\Desktop\HelpDesk\app-employee\src\main\java\io\github\nelsonsoria\helpdesk\restcontroller\EmployeeRest.java. Using fallback presentation compiler.
2026.02.16 19:10:35 INFO  no build target found for C:\Users\nelso\OneDrive\Desktop\HelpDesk\app-employee\src\main\java\io\github\nelsonsoria\helpdesk\dto\employee\EmployeeSummaryDto.java. Using fallback presentation compiler.
2026.02.16 19:10:35 INFO  no build target found for C:\Users\nelso\OneDrive\Desktop\HelpDesk\app-employee\src\main\java\io\github\nelsonsoria\helpdesk\repository\EmployeeRepository.java. Using fallback presentation compiler.
2026.02.16 19:10:35 INFO  no build target found for C:\Users\nelso\OneDrive\Desktop\HelpDesk\app-employee\src\main\java\io\github\nelsonsoria\helpdesk\repository\EmployeeRepository.java. Using fallback presentation compiler.
2026.02.16 19:10:37 WARN  no build target for: C:\Users\nelso\OneDrive\Desktop\HelpDesk\app-employee\src\main\java\io\github\nelsonsoria\helpdesk\restcontroller\EmployeeRest.java
2026.02.16 19:10:37 INFO  no build target found for C:\Users\nelso\OneDrive\Desktop\HelpDesk\app-employee\src\main\java\io\github\nelsonsoria\helpdesk\restcontroller\EmployeeRest.java. Using fallback presentation compiler.
2026.02.16 19:10:37 INFO  no build target found for C:\Users\nelso\OneDrive\Desktop\HelpDesk\app-employee\src\main\java\io\github\nelsonsoria\helpdesk\restcontroller\EmployeeRest.java. Using fallback presentation compiler.
2026.02.16 19:10:38 WARN  no build target for: C:\Users\nelso\OneDrive\Desktop\HelpDesk\app-employee\src\main\java\io\github\nelsonsoria\helpdesk\Service\EmployeeServiceImpl.java
2026.02.16 19:10:38 INFO  no build target found for C:\Users\nelso\OneDrive\Desktop\HelpDesk\app-employee\src\main\java\io\github\nelsonsoria\helpdesk\Service\EmployeeServiceImpl.java. Using fallback presentation compiler.
2026.02.16 19:10:38 INFO  no build target found for C:\Users\nelso\OneDrive\Desktop\HelpDesk\app-employee\src\main\java\io\github\nelsonsoria\helpdesk\Service\EmployeeServiceImpl.java. Using fallback presentation compiler.
2026.02.16 19:10:38 INFO  no build target found for C:\Users\nelso\OneDrive\Desktop\HelpDesk\app-employee\src\main\java\io\github\nelsonsoria\helpdesk\Service\EmployeeServiceImpl.java. Using fallback presentation compiler.
2026.02.16 19:10:39 INFO  no build target found for C:\Users\nelso\OneDrive\Desktop\HelpDesk\app-employee\src\main\java\io\github\nelsonsoria\helpdesk\repository\EmployeeRepository.java. Using fallback presentation compiler.
2026.02.16 19:10:39 INFO  no build target found for C:\Users\nelso\OneDrive\Desktop\HelpDesk\app-employee\src\main\java\io\github\nelsonsoria\helpdesk\Service\IEmployeeService.java. Using fallback presentation compiler.
2026.02.16 19:10:39 INFO  no build target found for C:\Users\nelso\OneDrive\Desktop\HelpDesk\app-employee\src\main\java\io\github\nelsonsoria\helpdesk\Service\IEmployeeService.java. Using fallback presentation compiler.
2026.02.16 19:10:39 INFO  no build target found for C:\Users\nelso\OneDrive\Desktop\HelpDesk\app-employee\src\main\java\io\github\nelsonsoria\helpdesk\Service\IEmployeeService.java. Using fallback presentation compiler.
2026.02.16 19:10:41 INFO  no build target found for C:\Users\nelso\OneDrive\Desktop\HelpDesk\app-employee\src\main\java\io\github\nelsonsoria\helpdesk\Service\IEmployeeService.java. Using fallback presentation compiler.
2026.02.16 19:10:41 INFO  no build target found for C:\Users\nelso\OneDrive\Desktop\HelpDesk\app-employee\src\main\java\io\github\nelsonsoria\helpdesk\Service\IEmployeeService.java. Using fallback presentation compiler.
2026.02.16 19:10:41 INFO  no build target found for C:\Users\nelso\OneDrive\Desktop\HelpDesk\app-employee\src\main\java\io\github\nelsonsoria\helpdesk\Service\IEmployeeService.java. Using fallback presentation compiler.
2026.02.16 19:13:17 INFO  no build target found for C:\Users\nelso\OneDrive\Desktop\HelpDesk\app-employee\src\main\java\io\github\nelsonsoria\helpdesk\Service\IEmployeeService.java. Using fallback presentation compiler.
2026.02.16 19:13:27 INFO  no build target found for C:\Users\nelso\OneDrive\Desktop\HelpDesk\app-employee\src\main\java\io\github\nelsonsoria\helpdesk\Service\IEmployeeService.java. Using fallback presentation compiler.
2026.02.16 19:13:27 INFO  no build target found for C:\Users\nelso\OneDrive\Desktop\HelpDesk\app-employee\src\main\java\io\github\nelsonsoria\helpdesk\Service\IEmployeeService.java. Using fallback presentation compiler.
2026.02.16 19:13:32 INFO  no build target found for C:\Users\nelso\OneDrive\Desktop\HelpDesk\app-employee\src\main\java\io\github\nelsonsoria\helpdesk\Service\IEmployeeService.java. Using fallback presentation compiler.
2026.02.16 19:13:34 INFO  no build target found for C:\Users\nelso\OneDrive\Desktop\HelpDesk\app-employee\src\main\java\io\github\nelsonsoria\helpdesk\Service\IEmployeeService.java. Using fallback presentation compiler.
2026.02.16 19:13:34 INFO  no build target found for C:\Users\nelso\OneDrive\Desktop\HelpDesk\app-employee\src\main\java\io\github\nelsonsoria\helpdesk\Service\IEmployeeService.java. Using fallback presentation compiler.
2026.02.16 19:13:34 INFO  no build target found for C:\Users\nelso\OneDrive\Desktop\HelpDesk\app-employee\src\main\java\io\github\nelsonsoria\helpdesk\Service\IEmployeeService.java. Using fallback presentation compiler.
2026.02.16 19:13:34 INFO  no build target found for C:\Users\nelso\OneDrive\Desktop\HelpDesk\app-employee\src\main\java\io\github\nelsonsoria\helpdesk\Service\IEmployeeService.java. Using fallback presentation compiler.
2026.02.16 19:13:34 INFO  no build target found for C:\Users\nelso\OneDrive\Desktop\HelpDesk\app-employee\src\main\java\io\github\nelsonsoria\helpdesk\Service\IEmployeeService.java. Using fallback presentation compiler.
2026.02.16 19:13:34 INFO  no build target found for C:\Users\nelso\OneDrive\Desktop\HelpDesk\app-employee\src\main\java\io\github\nelsonsoria\helpdesk\Service\IEmployeeService.java. Using fallback presentation compiler.
2026.02.16 19:13:34 INFO  no build target found for C:\Users\nelso\OneDrive\Desktop\HelpDesk\app-employee\src\main\java\io\github\nelsonsoria\helpdesk\Service\IEmployeeService.java. Using fallback presentation compiler.
2026.02.16 19:13:34 INFO  no build target found for C:\Users\nelso\OneDrive\Desktop\HelpDesk\app-employee\src\main\java\io\github\nelsonsoria\helpdesk\Service\IEmployeeService.java. Using fallback presentation compiler.
2026.02.16 19:13:34 INFO  no build target found for C:\Users\nelso\OneDrive\Desktop\HelpDesk\app-employee\src\main\java\io\github\nelsonsoria\helpdesk\Service\IEmployeeService.java. Using fallback presentation compiler.
2026.02.16 19:13:34 INFO  no build target found for C:\Users\nelso\OneDrive\Desktop\HelpDesk\app-employee\src\main\java\io\github\nelsonsoria\helpdesk\Service\IEmployeeService.java. Using fallback presentation compiler.
2026.02.16 19:13:35 INFO  no build target found for C:\Users\nelso\OneDrive\Desktop\HelpDesk\app-employee\src\main\java\io\github\nelsonsoria\helpdesk\Service\IEmployeeService.java. Using fallback presentation compiler.
2026.02.16 19:13:34 INFO  no build target found for C:\Users\nelso\OneDrive\Desktop\HelpDesk\app-employee\src\main\java\io\github\nelsonsoria\helpdesk\Service\IEmployeeService.java. Using fallback presentation compiler.
2026.02.16 19:13:35 INFO  no build target found for C:\Users\nelso\OneDrive\Desktop\HelpDesk\app-employee\src\main\java\io\github\nelsonsoria\helpdesk\Service\IEmployeeService.java. Using fallback presentation compiler.
2026.02.16 19:13:35 INFO  no build target found for C:\Users\nelso\OneDrive\Desktop\HelpDesk\app-employee\src\main\java\io\github\nelsonsoria\helpdesk\Service\IEmployeeService.java. Using fallback presentation compiler.
2026.02.16 19:13:35 INFO  no build target found for C:\Users\nelso\OneDrive\Desktop\HelpDesk\app-employee\src\main\java\io\github\nelsonsoria\helpdesk\Service\IEmployeeService.java. Using fallback presentation compiler.
2026.02.16 19:13:35 INFO  no build target found for C:\Users\nelso\OneDrive\Desktop\HelpDesk\app-employee\src\main\java\io\github\nelsonsoria\helpdesk\Service\IEmployeeService.java. Using fallback presentation compiler.
2026.02.16 19:13:35 INFO  no build target found for C:\Users\nelso\OneDrive\Desktop\HelpDesk\app-employee\src\main\java\io\github\nelsonsoria\helpdesk\Service\IEmployeeService.java. Using fallback presentation compiler.
2026.02.16 19:13:36 INFO  no build target found for C:\Users\nelso\OneDrive\Desktop\HelpDesk\app-employee\src\main\java\io\github\nelsonsoria\helpdesk\Service\IEmployeeService.java. Using fallback presentation compiler.
2026.02.16 19:13:35 INFO  no build target found for C:\Users\nelso\OneDrive\Desktop\HelpDesk\app-employee\src\main\java\io\github\nelsonsoria\helpdesk\Service\IEmployeeService.java. Using fallback presentation compiler.
2026.02.16 19:13:35 INFO  no build target found for C:\Users\nelso\OneDrive\Desktop\HelpDesk\app-employee\src\main\java\io\github\nelsonsoria\helpdesk\Service\IEmployeeService.java. Using fallback presentation compiler.
2026.02.16 19:13:35 INFO  no build target found for C:\Users\nelso\OneDrive\Desktop\HelpDesk\app-employee\src\main\java\io\github\nelsonsoria\helpdesk\Service\IEmployeeService.java. Using fallback presentation compiler.
2026.02.16 19:13:36 INFO  no build target found for C:\Users\nelso\OneDrive\Desktop\HelpDesk\app-employee\src\main\java\io\github\nelsonsoria\helpdesk\Service\IEmployeeService.java. Using fallback presentation compiler.
2026.02.16 19:13:37 INFO  no build target found for C:\Users\nelso\OneDrive\Desktop\HelpDesk\app-employee\src\main\java\io\github\nelsonsoria\helpdesk\Service\IEmployeeService.java. Using fallback presentation compiler.
2026.02.16 19:13:37 INFO  no build target found for C:\Users\nelso\OneDrive\Desktop\HelpDesk\app-employee\src\main\java\io\github\nelsonsoria\helpdesk\Service\IEmployeeService.java. Using fallback presentation compiler.
2026.02.16 19:13:37 INFO  no build target found for C:\Users\nelso\OneDrive\Desktop\HelpDesk\app-employee\src\main\java\io\github\nelsonsoria\helpdesk\Service\IEmployeeService.java. Using fallback presentation compiler.
2026.02.16 19:13:38 INFO  no build target found for C:\Users\nelso\OneDrive\Desktop\HelpDesk\app-employee\src\main\java\io\github\nelsonsoria\helpdesk\Service\IEmployeeService.java. Using fallback presentation compiler.
2026.02.16 19:13:37 INFO  no build target found for C:\Users\nelso\OneDrive\Desktop\HelpDesk\app-employee\src\main\java\io\github\nelsonsoria\helpdesk\Service\IEmployeeService.java. Using fallback presentation compiler.
2026.02.16 19:13:37 INFO  no build target found for C:\Users\nelso\OneDrive\Desktop\HelpDesk\app-employee\src\main\java\io\github\nelsonsoria\helpdesk\Service\IEmployeeService.java. Using fallback presentation compiler.
2026.02.16 19:13:37 INFO  no build target found for C:\Users\nelso\OneDrive\Desktop\HelpDesk\app-employee\src\main\java\io\github\nelsonsoria\helpdesk\Service\IEmployeeService.java. Using fallback presentation compiler.
2026.02.16 19:13:38 INFO  no build target found for C:\Users\nelso\OneDrive\Desktop\HelpDesk\app-employee\src\main\java\io\github\nelsonsoria\helpdesk\Service\IEmployeeService.java. Using fallback presentation compiler.
2026.02.16 19:13:40 INFO  no build target found for C:\Users\nelso\OneDrive\Desktop\HelpDesk\app-employee\src\main\java\io\github\nelsonsoria\helpdesk\Service\IEmployeeService.java. Using fallback presentation compiler.
2026.02.16 19:13:40 INFO  no build target found for C:\Users\nelso\OneDrive\Desktop\HelpDesk\app-employee\src\main\java\io\github\nelsonsoria\helpdesk\Service\IEmployeeService.java. Using fallback presentation compiler.
2026.02.16 19:13:40 INFO  no build target found for C:\Users\nelso\OneDrive\Desktop\HelpDesk\app-employee\src\main\java\io\github\nelsonsoria\helpdesk\Service\IEmployeeService.java. Using fallback presentation compiler.
2026.02.16 19:13:40 INFO  no build target found for C:\Users\nelso\OneDrive\Desktop\HelpDesk\app-employee\src\main\java\io\github\nelsonsoria\helpdesk\Service\IEmployeeService.java. Using fallback presentation compiler.
2026.02.16 19:13:40 INFO  no build target found for C:\Users\nelso\OneDrive\Desktop\HelpDesk\app-employee\src\main\java\io\github\nelsonsoria\helpdesk\Service\IEmployeeService.java. Using fallback presentation compiler.
2026.02.16 19:13:40 INFO  no build target found for C:\Users\nelso\OneDrive\Desktop\HelpDesk\app-employee\src\main\java\io\github\nelsonsoria\helpdesk\Service\IEmployeeService.java. Using fallback presentation compiler.
2026.02.16 19:13:40 INFO  no build target found for C:\Users\nelso\OneDrive\Desktop\HelpDesk\app-employee\src\main\java\io\github\nelsonsoria\helpdesk\Service\IEmployeeService.java. Using fallback presentation compiler.
2026.02.16 19:13:40 INFO  no build target found for C:\Users\nelso\OneDrive\Desktop\HelpDesk\app-employee\src\main\java\io\github\nelsonsoria\helpdesk\Service\IEmployeeService.java. Using fallback presentation compiler.
2026.02.16 19:13:40 INFO  no build target found for C:\Users\nelso\OneDrive\Desktop\HelpDesk\app-employee\src\main\java\io\github\nelsonsoria\helpdesk\Service\IEmployeeService.java. Using fallback presentation compiler.
2026.02.16 19:13:41 INFO  no build target found for C:\Users\nelso\OneDrive\Desktop\HelpDesk\app-employee\src\main\java\io\github\nelsonsoria\helpdesk\Service\IEmployeeService.java. Using fallback presentation compiler.
2026.02.16 19:13:41 INFO  no build target found for C:\Users\nelso\OneDrive\Desktop\HelpDesk\app-employee\src\main\java\io\github\nelsonsoria\helpdesk\Service\IEmployeeService.java. Using fallback presentation compiler.
2026.02.16 19:13:41 INFO  no build target found for C:\Users\nelso\OneDrive\Desktop\HelpDesk\app-employee\src\main\java\io\github\nelsonsoria\helpdesk\Service\IEmployeeService.java. Using fallback presentation compiler.
2026.02.16 19:13:41 INFO  no build target found for C:\Users\nelso\OneDrive\Desktop\HelpDesk\app-employee\src\main\java\io\github\nelsonsoria\helpdesk\Service\IEmployeeService.java. Using fallback presentation compiler.
2026.02.16 19:13:41 INFO  no build target found for C:\Users\nelso\OneDrive\Desktop\HelpDesk\app-employee\src\main\java\io\github\nelsonsoria\helpdesk\Service\IEmployeeService.java. Using fallback presentation compiler.
2026.02.16 19:13:41 INFO  no build target found for C:\Users\nelso\OneDrive\Desktop\HelpDesk\app-employee\src\main\java\io\github\nelsonsoria\helpdesk\Service\IEmployeeService.java. Using fallback presentation compiler.
2026.02.16 19:13:42 INFO  no build target found for C:\Users\nelso\OneDrive\Desktop\HelpDesk\app-employee\src\main\java\io\github\nelsonsoria\helpdesk\Service\IEmployeeService.java. Using fallback presentation compiler.
2026.02.16 19:13:41 INFO  no build target found for C:\Users\nelso\OneDrive\Desktop\HelpDesk\app-employee\src\main\java\io\github\nelsonsoria\helpdesk\Service\IEmployeeService.java. Using fallback presentation compiler.
2026.02.16 19:13:42 INFO  no build target found for C:\Users\nelso\OneDrive\Desktop\HelpDesk\app-employee\src\main\java\io\github\nelsonsoria\helpdesk\Service\IEmployeeService.java. Using fallback presentation compiler.
2026.02.16 19:13:42 INFO  no build target found for C:\Users\nelso\OneDrive\Desktop\HelpDesk\app-employee\src\main\java\io\github\nelsonsoria\helpdesk\Service\IEmployeeService.java. Using fallback presentation compiler.
2026.02.16 19:13:42 INFO  no build target found for C:\Users\nelso\OneDrive\Desktop\HelpDesk\app-employee\src\main\java\io\github\nelsonsoria\helpdesk\Service\IEmployeeService.java. Using fallback presentation compiler.
2026.02.16 19:13:42 INFO  no build target found for C:\Users\nelso\OneDrive\Desktop\HelpDesk\app-employee\src\main\java\io\github\nelsonsoria\helpdesk\Service\IEmployeeService.java. Using fallback presentation compiler.
2026.02.16 19:13:43 INFO  no build target found for C:\Users\nelso\OneDrive\Desktop\HelpDesk\app-employee\src\main\java\io\github\nelsonsoria\helpdesk\Service\IEmployeeService.java. Using fallback presentation compiler.
2026.02.16 19:13:42 INFO  no build target found for C:\Users\nelso\OneDrive\Desktop\HelpDesk\app-employee\src\main\java\io\github\nelsonsoria\helpdesk\Service\IEmployeeService.java. Using fallback presentation compiler.
2026.02.16 19:13:43 INFO  no build target found for C:\Users\nelso\OneDrive\Desktop\HelpDesk\app-employee\src\main\java\io\github\nelsonsoria\helpdesk\Service\IEmployeeService.java. Using fallback presentation compiler.
2026.02.16 19:13:43 INFO  no build target found for C:\Users\nelso\OneDrive\Desktop\HelpDesk\app-employee\src\main\java\io\github\nelsonsoria\helpdesk\Service\IEmployeeService.java. Using fallback presentation compiler.
2026.02.16 19:13:43 INFO  no build target found for C:\Users\nelso\OneDrive\Desktop\HelpDesk\app-employee\src\main\java\io\github\nelsonsoria\helpdesk\Service\IEmployeeService.java. Using fallback presentation compiler.
2026.02.16 19:13:44 INFO  no build target found for C:\Users\nelso\OneDrive\Desktop\HelpDesk\app-employee\src\main\java\io\github\nelsonsoria\helpdesk\Service\IEmployeeService.java. Using fallback presentation compiler.
2026.02.16 19:13:43 INFO  no build target found for C:\Users\nelso\OneDrive\Desktop\HelpDesk\app-employee\src\main\java\io\github\nelsonsoria\helpdesk\Service\IEmployeeService.java. Using fallback presentation compiler.
2026.02.16 19:13:43 INFO  no build target found for C:\Users\nelso\OneDrive\Desktop\HelpDesk\app-employee\src\main\java\io\github\nelsonsoria\helpdesk\Service\IEmployeeService.java. Using fallback presentation compiler.
2026.02.16 19:13:43 INFO  no build target found for C:\Users\nelso\OneDrive\Desktop\HelpDesk\app-employee\src\main\java\io\github\nelsonsoria\helpdesk\Service\IEmployeeService.java. Using fallback presentation compiler.
2026.02.16 19:13:44 INFO  no build target found for C:\Users\nelso\OneDrive\Desktop\HelpDesk\app-employee\src\main\java\io\github\nelsonsoria\helpdesk\Service\IEmployeeService.java. Using fallback presentation compiler.
2026.02.16 19:13:45 INFO  no build target found for C:\Users\nelso\OneDrive\Desktop\HelpDesk\app-employee\src\main\java\io\github\nelsonsoria\helpdesk\Service\IEmployeeService.java. Using fallback presentation compiler.
2026.02.16 19:13:45 INFO  no build target found for C:\Users\nelso\OneDrive\Desktop\HelpDesk\app-employee\src\main\java\io\github\nelsonsoria\helpdesk\Service\IEmployeeService.java. Using fallback presentation compiler.
2026.02.16 19:13:48 INFO  no build target found for C:\Users\nelso\OneDrive\Desktop\HelpDesk\app-employee\src\main\java\io\github\nelsonsoria\helpdesk\Service\IEmployeeService.java. Using fallback presentation compiler.
2026.02.16 19:13:48 INFO  no build target found for C:\Users\nelso\OneDrive\Desktop\HelpDesk\app-employee\src\main\java\io\github\nelsonsoria\helpdesk\Service\IEmployeeService.java. Using fallback presentation compiler.
2026.02.16 19:13:48 INFO  no build target found for C:\Users\nelso\OneDrive\Desktop\HelpDesk\app-employee\src\main\java\io\github\nelsonsoria\helpdesk\Service\IEmployeeService.java. Using fallback presentation compiler.
2026.02.16 19:13:48 INFO  no build target found for C:\Users\nelso\OneDrive\Desktop\HelpDesk\app-employee\src\main\java\io\github\nelsonsoria\helpdesk\Service\IEmployeeService.java. Using fallback presentation compiler.
2026.02.16 19:13:48 INFO  no build target found for C:\Users\nelso\OneDrive\Desktop\HelpDesk\app-employee\src\main\java\io\github\nelsonsoria\helpdesk\Service\IEmployeeService.java. Using fallback presentation compiler.
2026.02.16 19:13:48 INFO  no build target found for C:\Users\nelso\OneDrive\Desktop\HelpDesk\app-employee\src\main\java\io\github\nelsonsoria\helpdesk\Service\IEmployeeService.java. Using fallback presentation compiler.
2026.02.16 19:13:48 INFO  no build target found for C:\Users\nelso\OneDrive\Desktop\HelpDesk\app-employee\src\main\java\io\github\nelsonsoria\helpdesk\Service\IEmployeeService.java. Using fallback presentation compiler.
2026.02.16 19:13:48 INFO  no build target found for C:\Users\nelso\OneDrive\Desktop\HelpDesk\app-employee\src\main\java\io\github\nelsonsoria\helpdesk\Service\IEmployeeService.java. Using fallback presentation compiler.
2026.02.16 19:13:48 INFO  no build target found for C:\Users\nelso\OneDrive\Desktop\HelpDesk\app-employee\src\main\java\io\github\nelsonsoria\helpdesk\Service\IEmployeeService.java. Using fallback presentation compiler.
2026.02.16 19:13:48 INFO  no build target found for C:\Users\nelso\OneDrive\Desktop\HelpDesk\app-employee\src\main\java\io\github\nelsonsoria\helpdesk\Service\IEmployeeService.java. Using fallback presentation compiler.
2026.02.16 19:13:48 INFO  no build target found for C:\Users\nelso\OneDrive\Desktop\HelpDesk\app-employee\src\main\java\io\github\nelsonsoria\helpdesk\Service\IEmployeeService.java. Using fallback presentation compiler.
2026.02.16 19:13:49 INFO  no build target found for C:\Users\nelso\OneDrive\Desktop\HelpDesk\app-employee\src\main\java\io\github\nelsonsoria\helpdesk\Service\IEmployeeService.java. Using fallback presentation compiler.
2026.02.16 19:13:49 INFO  no build target found for C:\Users\nelso\OneDrive\Desktop\HelpDesk\app-employee\src\main\java\io\github\nelsonsoria\helpdesk\Service\IEmployeeService.java. Using fallback presentation compiler.
2026.02.16 19:13:49 INFO  no build target found for C:\Users\nelso\OneDrive\Desktop\HelpDesk\app-employee\src\main\java\io\github\nelsonsoria\helpdesk\Service\IEmployeeService.java. Using fallback presentation compiler.
2026.02.16 19:13:48 INFO  no build target found for C:\Users\nelso\OneDrive\Desktop\HelpDesk\app-employee\src\main\java\io\github\nelsonsoria\helpdesk\Service\IEmployeeService.java. Using fallback presentation compiler.
2026.02.16 19:13:49 INFO  no build target found for C:\Users\nelso\OneDrive\Desktop\HelpDesk\app-employee\src\main\java\io\github\nelsonsoria\helpdesk\Service\IEmployeeService.java. Using fallback presentation compiler.
2026.02.16 19:13:50 INFO  no build target found for C:\Users\nelso\OneDrive\Desktop\HelpDesk\app-employee\src\main\java\io\github\nelsonsoria\helpdesk\Service\IEmployeeService.java. Using fallback presentation compiler.
2026.02.16 19:13:50 INFO  no build target found for C:\Users\nelso\OneDrive\Desktop\HelpDesk\app-employee\src\main\java\io\github\nelsonsoria\helpdesk\Service\IEmployeeService.java. Using fallback presentation compiler.
2026.02.16 19:13:50 INFO  no build target found for C:\Users\nelso\OneDrive\Desktop\HelpDesk\app-employee\src\main\java\io\github\nelsonsoria\helpdesk\Service\IEmployeeService.java. Using fallback presentation compiler.
2026.02.16 19:13:51 INFO  no build target found for C:\Users\nelso\OneDrive\Desktop\HelpDesk\app-employee\src\main\java\io\github\nelsonsoria\helpdesk\Service\IEmployeeService.java. Using fallback presentation compiler.
2026.02.16 19:13:50 INFO  no build target found for C:\Users\nelso\OneDrive\Desktop\HelpDesk\app-employee\src\main\java\io\github\nelsonsoria\helpdesk\Service\IEmployeeService.java. Using fallback presentation compiler.
2026.02.16 19:13:51 INFO  no build target found for C:\Users\nelso\OneDrive\Desktop\HelpDesk\app-employee\src\main\java\io\github\nelsonsoria\helpdesk\Service\IEmployeeService.java. Using fallback presentation compiler.
2026.02.16 19:13:51 INFO  no build target found for C:\Users\nelso\OneDrive\Desktop\HelpDesk\app-employee\src\main\java\io\github\nelsonsoria\helpdesk\Service\IEmployeeService.java. Using fallback presentation compiler.
2026.02.16 19:13:52 INFO  no build target found for C:\Users\nelso\OneDrive\Desktop\HelpDesk\app-employee\src\main\java\io\github\nelsonsoria\helpdesk\Service\IEmployeeService.java. Using fallback presentation compiler.
2026.02.16 19:13:51 INFO  no build target found for C:\Users\nelso\OneDrive\Desktop\HelpDesk\app-employee\src\main\java\io\github\nelsonsoria\helpdesk\Service\IEmployeeService.java. Using fallback presentation compiler.
2026.02.16 19:13:55 INFO  no build target found for C:\Users\nelso\OneDrive\Desktop\HelpDesk\app-employee\src\main\java\io\github\nelsonsoria\helpdesk\Service\IEmployeeService.java. Using fallback presentation compiler.
2026.02.16 19:13:55 INFO  no build target found for C:\Users\nelso\OneDrive\Desktop\HelpDesk\app-employee\src\main\java\io\github\nelsonsoria\helpdesk\Service\IEmployeeService.java. Using fallback presentation compiler.
2026.02.16 19:13:55 INFO  no build target found for C:\Users\nelso\OneDrive\Desktop\HelpDesk\app-employee\src\main\java\io\github\nelsonsoria\helpdesk\Service\IEmployeeService.java. Using fallback presentation compiler.
2026.02.16 19:13:56 INFO  no build target found for C:\Users\nelso\OneDrive\Desktop\HelpDesk\app-employee\src\main\java\io\github\nelsonsoria\helpdesk\Service\IEmployeeService.java. Using fallback presentation compiler.
2026.02.16 19:13:55 INFO  no build target found for C:\Users\nelso\OneDrive\Desktop\HelpDesk\app-employee\src\main\java\io\github\nelsonsoria\helpdesk\Service\IEmployeeService.java. Using fallback presentation compiler.
2026.02.16 19:13:56 INFO  no build target found for C:\Users\nelso\OneDrive\Desktop\HelpDesk\app-employee\src\main\java\io\github\nelsonsoria\helpdesk\Service\IEmployeeService.java. Using fallback presentation compiler.
2026.02.16 19:13:56 INFO  no build target found for C:\Users\nelso\OneDrive\Desktop\HelpDesk\app-employee\src\main\java\io\github\nelsonsoria\helpdesk\Service\IEmployeeService.java. Using fallback presentation compiler.
2026.02.16 19:13:57 INFO  no build target found for C:\Users\nelso\OneDrive\Desktop\HelpDesk\app-employee\src\main\java\io\github\nelsonsoria\helpdesk\Service\IEmployeeService.java. Using fallback presentation compiler.
2026.02.16 19:13:56 INFO  no build target found for C:\Users\nelso\OneDrive\Desktop\HelpDesk\app-employee\src\main\java\io\github\nelsonsoria\helpdesk\Service\IEmployeeService.java. Using fallback presentation compiler.
2026.02.16 19:13:56 INFO  no build target found for C:\Users\nelso\OneDrive\Desktop\HelpDesk\app-employee\src\main\java\io\github\nelsonsoria\helpdesk\Service\IEmployeeService.java. Using fallback presentation compiler.
2026.02.16 19:13:57 INFO  no build target found for C:\Users\nelso\OneDrive\Desktop\HelpDesk\app-employee\src\main\java\io\github\nelsonsoria\helpdesk\Service\IEmployeeService.java. Using fallback presentation compiler.
2026.02.16 19:13:56 INFO  no build target found for C:\Users\nelso\OneDrive\Desktop\HelpDesk\app-employee\src\main\java\io\github\nelsonsoria\helpdesk\Service\IEmployeeService.java. Using fallback presentation compiler.
2026.02.16 19:13:56 INFO  no build target found for C:\Users\nelso\OneDrive\Desktop\HelpDesk\app-employee\src\main\java\io\github\nelsonsoria\helpdesk\Service\IEmployeeService.java. Using fallback presentation compiler.
2026.02.16 19:13:57 INFO  no build target found for C:\Users\nelso\OneDrive\Desktop\HelpDesk\app-employee\src\main\java\io\github\nelsonsoria\helpdesk\Service\IEmployeeService.java. Using fallback presentation compiler.
2026.02.16 19:13:58 INFO  no build target found for C:\Users\nelso\OneDrive\Desktop\HelpDesk\app-employee\src\main\java\io\github\nelsonsoria\helpdesk\Service\IEmployeeService.java. Using fallback presentation compiler.
2026.02.16 19:13:57 INFO  no build target found for C:\Users\nelso\OneDrive\Desktop\HelpDesk\app-employee\src\main\java\io\github\nelsonsoria\helpdesk\Service\IEmployeeService.java. Using fallback presentation compiler.
2026.02.16 19:13:57 INFO  no build target found for C:\Users\nelso\OneDrive\Desktop\HelpDesk\app-employee\src\main\java\io\github\nelsonsoria\helpdesk\Service\IEmployeeService.java. Using fallback presentation compiler.
2026.02.16 19:13:57 INFO  no build target found for C:\Users\nelso\OneDrive\Desktop\HelpDesk\app-employee\src\main\java\io\github\nelsonsoria\helpdesk\Service\IEmployeeService.java. Using fallback presentation compiler.
2026.02.16 19:13:58 INFO  no build target found for C:\Users\nelso\OneDrive\Desktop\HelpDesk\app-employee\src\main\java\io\github\nelsonsoria\helpdesk\Service\IEmployeeService.java. Using fallback presentation compiler.
2026.02.16 19:13:57 INFO  no build target found for C:\Users\nelso\OneDrive\Desktop\HelpDesk\app-employee\src\main\java\io\github\nelsonsoria\helpdesk\Service\IEmployeeService.java. Using fallback presentation compiler.
2026.02.16 19:13:59 INFO  no build target found for C:\Users\nelso\OneDrive\Desktop\HelpDesk\app-employee\src\main\java\io\github\nelsonsoria\helpdesk\Service\IEmployeeService.java. Using fallback presentation compiler.
2026.02.16 19:13:59 INFO  no build target found for C:\Users\nelso\OneDrive\Desktop\HelpDesk\app-employee\src\main\java\io\github\nelsonsoria\helpdesk\Service\IEmployeeService.java. Using fallback presentation compiler.
2026.02.16 19:13:59 INFO  no build target found for C:\Users\nelso\OneDrive\Desktop\HelpDesk\app-employee\src\main\java\io\github\nelsonsoria\helpdesk\Service\IEmployeeService.java. Using fallback presentation compiler.
2026.02.16 19:13:59 INFO  no build target found for C:\Users\nelso\OneDrive\Desktop\HelpDesk\app-employee\src\main\java\io\github\nelsonsoria\helpdesk\Service\IEmployeeService.java. Using fallback presentation compiler.
2026.02.16 19:13:59 INFO  no build target found for C:\Users\nelso\OneDrive\Desktop\HelpDesk\app-employee\src\main\java\io\github\nelsonsoria\helpdesk\Service\IEmployeeService.java. Using fallback presentation compiler.
2026.02.16 19:14:01 WARN  no build target for: C:\Users\nelso\OneDrive\Desktop\HelpDesk\app-employee\src\main\java\io\github\nelsonsoria\helpdesk\Service\EmployeeServiceImpl.java
2026.02.16 19:14:01 INFO  no build target found for C:\Users\nelso\OneDrive\Desktop\HelpDesk\app-employee\src\main\java\io\github\nelsonsoria\helpdesk\Service\EmployeeServiceImpl.java. Using fallback presentation compiler.
2026.02.16 19:14:01 INFO  no build target found for C:\Users\nelso\OneDrive\Desktop\HelpDesk\app-employee\src\main\java\io\github\nelsonsoria\helpdesk\Service\EmployeeServiceImpl.java. Using fallback presentation compiler.
2026.02.16 19:14:01 INFO  no build target found for C:\Users\nelso\OneDrive\Desktop\HelpDesk\app-employee\src\main\java\io\github\nelsonsoria\helpdesk\Service\EmployeeServiceImpl.java. Using fallback presentation compiler.
2026.02.16 19:14:01 INFO  no build target found for C:\Users\nelso\OneDrive\Desktop\HelpDesk\app-employee\src\main\java\io\github\nelsonsoria\helpdesk\Service\EmployeeServiceImpl.java. Using fallback presentation compiler.
2026.02.16 19:14:03 INFO  no build target found for C:\Users\nelso\OneDrive\Desktop\HelpDesk\app-employee\src\main\java\io\github\nelsonsoria\helpdesk\Service\EmployeeServiceImpl.java. Using fallback presentation compiler.
2026.02.16 19:14:03 INFO  no build target found for C:\Users\nelso\OneDrive\Desktop\HelpDesk\app-employee\src\main\java\io\github\nelsonsoria\helpdesk\Service\EmployeeServiceImpl.java. Using fallback presentation compiler.
2026.02.16 19:14:05 INFO  no build target found for C:\Users\nelso\OneDrive\Desktop\HelpDesk\app-employee\src\main\java\io\github\nelsonsoria\helpdesk\Service\EmployeeServiceImpl.java. Using fallback presentation compiler.
2026.02.16 19:14:06 INFO  no build target found for C:\Users\nelso\OneDrive\Desktop\HelpDesk\app-employee\src\main\java\io\github\nelsonsoria\helpdesk\Service\EmployeeServiceImpl.java. Using fallback presentation compiler.
2026.02.16 19:14:06 INFO  no build target found for C:\Users\nelso\OneDrive\Desktop\HelpDesk\app-employee\src\main\java\io\github\nelsonsoria\helpdesk\Service\EmployeeServiceImpl.java. Using fallback presentation compiler.
2026.02.16 19:14:06 INFO  no build target found for C:\Users\nelso\OneDrive\Desktop\HelpDesk\app-employee\src\main\java\io\github\nelsonsoria\helpdesk\Service\EmployeeServiceImpl.java. Using fallback presentation compiler.
2026.02.16 19:14:06 INFO  no build target found for C:\Users\nelso\OneDrive\Desktop\HelpDesk\app-employee\src\main\java\io\github\nelsonsoria\helpdesk\Service\EmployeeServiceImpl.java. Using fallback presentation compiler.
2026.02.16 19:14:06 INFO  no build target found for C:\Users\nelso\OneDrive\Desktop\HelpDesk\app-employee\src\main\java\io\github\nelsonsoria\helpdesk\Service\EmployeeServiceImpl.java. Using fallback presentation compiler.
2026.02.16 19:14:08 INFO  no build target found for C:\Users\nelso\OneDrive\Desktop\HelpDesk\app-employee\src\main\java\io\github\nelsonsoria\helpdesk\Service\EmployeeServiceImpl.java. Using fallback presentation compiler.
2026.02.16 19:14:08 INFO  no build target found for C:\Users\nelso\OneDrive\Desktop\HelpDesk\app-employee\src\main\java\io\github\nelsonsoria\helpdesk\Service\EmployeeServiceImpl.java. Using fallback presentation compiler.
2026.02.16 19:14:08 INFO  no build target found for C:\Users\nelso\OneDrive\Desktop\HelpDesk\app-employee\src\main\java\io\github\nelsonsoria\helpdesk\Service\EmployeeServiceImpl.java. Using fallback presentation compiler.
2026.02.16 19:14:09 INFO  no build target found for C:\Users\nelso\OneDrive\Desktop\HelpDesk\app-employee\src\main\java\io\github\nelsonsoria\helpdesk\Service\EmployeeServiceImpl.java. Using fallback presentation compiler.
2026.02.16 19:14:10 INFO  no build target found for C:\Users\nelso\OneDrive\Desktop\HelpDesk\app-employee\src\main\java\io\github\nelsonsoria\helpdesk\Service\EmployeeServiceImpl.java. Using fallback presentation compiler.
2026.02.16 19:14:10 INFO  no build target found for C:\Users\nelso\OneDrive\Desktop\HelpDesk\app-employee\src\main\java\io\github\nelsonsoria\helpdesk\Service\EmployeeServiceImpl.java. Using fallback presentation compiler.
2026.02.16 19:14:12 INFO  no build target found for C:\Users\nelso\OneDrive\Desktop\HelpDesk\app-employee\src\main\java\io\github\nelsonsoria\helpdesk\Service\EmployeeServiceImpl.java. Using fallback presentation compiler.
2026.02.16 19:14:12 INFO  no build target found for C:\Users\nelso\OneDrive\Desktop\HelpDesk\app-employee\src\main\java\io\github\nelsonsoria\helpdesk\Service\EmployeeServiceImpl.java. Using fallback presentation compiler.
2026.02.16 19:14:12 INFO  no build target found for C:\Users\nelso\OneDrive\Desktop\HelpDesk\app-employee\src\main\java\io\github\nelsonsoria\helpdesk\Service\EmployeeServiceImpl.java. Using fallback presentation compiler.
2026.02.16 19:14:12 INFO  no build target found for C:\Users\nelso\OneDrive\Desktop\HelpDesk\app-employee\src\main\java\io\github\nelsonsoria\helpdesk\Service\EmployeeServiceImpl.java. Using fallback presentation compiler.
2026.02.16 19:14:13 INFO  no build target found for C:\Users\nelso\OneDrive\Desktop\HelpDesk\app-employee\src\main\java\io\github\nelsonsoria\helpdesk\Service\EmployeeServiceImpl.java. Using fallback presentation compiler.
2026.02.16 19:14:12 INFO  no build target found for C:\Users\nelso\OneDrive\Desktop\HelpDesk\app-employee\src\main\java\io\github\nelsonsoria\helpdesk\Service\EmployeeServiceImpl.java. Using fallback presentation compiler.
2026.02.16 19:14:12 INFO  no build target found for C:\Users\nelso\OneDrive\Desktop\HelpDesk\app-employee\src\main\java\io\github\nelsonsoria\helpdesk\Service\EmployeeServiceImpl.java. Using fallback presentation compiler.
2026.02.16 19:14:12 INFO  no build target found for C:\Users\nelso\OneDrive\Desktop\HelpDesk\app-employee\src\main\java\io\github\nelsonsoria\helpdesk\Service\EmployeeServiceImpl.java. Using fallback presentation compiler.
2026.02.16 19:14:13 INFO  no build target found for C:\Users\nelso\OneDrive\Desktop\HelpDesk\app-employee\src\main\java\io\github\nelsonsoria\helpdesk\Service\EmployeeServiceImpl.java. Using fallback presentation compiler.
2026.02.16 19:14:12 INFO  no build target found for C:\Users\nelso\OneDrive\Desktop\HelpDesk\app-employee\src\main\java\io\github\nelsonsoria\helpdesk\Service\EmployeeServiceImpl.java. Using fallback presentation compiler.
2026.02.16 19:14:14 INFO  no build target found for C:\Users\nelso\OneDrive\Desktop\HelpDesk\app-employee\src\main\java\io\github\nelsonsoria\helpdesk\Service\EmployeeServiceImpl.java. Using fallback presentation compiler.
2026.02.16 19:14:14 INFO  no build target found for C:\Users\nelso\OneDrive\Desktop\HelpDesk\app-employee\src\main\java\io\github\nelsonsoria\helpdesk\Service\EmployeeServiceImpl.java. Using fallback presentation compiler.
2026.02.16 19:14:14 INFO  no build target found for C:\Users\nelso\OneDrive\Desktop\HelpDesk\app-employee\src\main\java\io\github\nelsonsoria\helpdesk\Service\EmployeeServiceImpl.java. Using fallback presentation compiler.
2026.02.16 19:14:14 INFO  no build target found for C:\Users\nelso\OneDrive\Desktop\HelpDesk\app-employee\src\main\java\io\github\nelsonsoria\helpdesk\Service\EmployeeServiceImpl.java. Using fallback presentation compiler.
2026.02.16 19:14:14 INFO  no build target found for C:\Users\nelso\OneDrive\Desktop\HelpDesk\app-employee\src\main\java\io\github\nelsonsoria\helpdesk\Service\EmployeeServiceImpl.java. Using fallback presentation compiler.
2026.02.16 19:14:14 INFO  no build target found for C:\Users\nelso\OneDrive\Desktop\HelpDesk\app-employee\src\main\java\io\github\nelsonsoria\helpdesk\Service\EmployeeServiceImpl.java. Using fallback presentation compiler.
2026.02.16 19:14:14 INFO  no build target found for C:\Users\nelso\OneDrive\Desktop\HelpDesk\app-employee\src\main\java\io\github\nelsonsoria\helpdesk\Service\EmployeeServiceImpl.java. Using fallback presentation compiler.
2026.02.16 19:14:15 INFO  no build target found for C:\Users\nelso\OneDrive\Desktop\HelpDesk\app-employee\src\main\java\io\github\nelsonsoria\helpdesk\Service\EmployeeServiceImpl.java. Using fallback presentation compiler.
2026.02.16 19:14:16 INFO  no build target found for C:\Users\nelso\OneDrive\Desktop\HelpDesk\app-employee\src\main\java\io\github\nelsonsoria\helpdesk\Service\EmployeeServiceImpl.java. Using fallback presentation compiler.
2026.02.16 19:14:16 INFO  no build target found for C:\Users\nelso\OneDrive\Desktop\HelpDesk\app-employee\src\main\java\io\github\nelsonsoria\helpdesk\Service\EmployeeServiceImpl.java. Using fallback presentation compiler.
2026.02.16 19:14:16 INFO  no build target found for C:\Users\nelso\OneDrive\Desktop\HelpDesk\app-employee\src\main\java\io\github\nelsonsoria\helpdesk\Service\EmployeeServiceImpl.java. Using fallback presentation compiler.
2026.02.16 19:14:16 INFO  no build target found for C:\Users\nelso\OneDrive\Desktop\HelpDesk\app-employee\src\main\java\io\github\nelsonsoria\helpdesk\Service\EmployeeServiceImpl.java. Using fallback presentation compiler.
2026.02.16 19:14:16 INFO  no build target found for C:\Users\nelso\OneDrive\Desktop\HelpDesk\app-employee\src\main\java\io\github\nelsonsoria\helpdesk\Service\EmployeeServiceImpl.java. Using fallback presentation compiler.
2026.02.16 19:14:16 INFO  no build target found for C:\Users\nelso\OneDrive\Desktop\HelpDesk\app-employee\src\main\java\io\github\nelsonsoria\helpdesk\Service\EmployeeServiceImpl.java. Using fallback presentation compiler.
2026.02.16 19:14:17 INFO  no build target found for C:\Users\nelso\OneDrive\Desktop\HelpDesk\app-employee\src\main\java\io\github\nelsonsoria\helpdesk\Service\EmployeeServiceImpl.java. Using fallback presentation compiler.
2026.02.16 19:14:17 INFO  no build target found for C:\Users\nelso\OneDrive\Desktop\HelpDesk\app-employee\src\main\java\io\github\nelsonsoria\helpdesk\Service\EmployeeServiceImpl.java. Using fallback presentation compiler.
2026.02.16 19:14:17 INFO  no build target found for C:\Users\nelso\OneDrive\Desktop\HelpDesk\app-employee\src\main\java\io\github\nelsonsoria\helpdesk\Service\EmployeeServiceImpl.java. Using fallback presentation compiler.
2026.02.16 19:14:17 INFO  no build target found for C:\Users\nelso\OneDrive\Desktop\HelpDesk\app-employee\src\main\java\io\github\nelsonsoria\helpdesk\Service\EmployeeServiceImpl.java. Using fallback presentation compiler.
2026.02.16 19:14:17 INFO  no build target found for C:\Users\nelso\OneDrive\Desktop\HelpDesk\app-employee\src\main\java\io\github\nelsonsoria\helpdesk\Service\EmployeeServiceImpl.java. Using fallback presentation compiler.
2026.02.16 19:14:19 INFO  no build target found for C:\Users\nelso\OneDrive\Desktop\HelpDesk\app-employee\src\main\java\io\github\nelsonsoria\helpdesk\Service\EmployeeServiceImpl.java. Using fallback presentation compiler.
2026.02.16 19:14:19 INFO  no build target found for C:\Users\nelso\OneDrive\Desktop\HelpDesk\app-employee\src\main\java\io\github\nelsonsoria\helpdesk\Service\EmployeeServiceImpl.java. Using fallback presentation compiler.
2026.02.16 19:14:19 INFO  no build target found for C:\Users\nelso\OneDrive\Desktop\HelpDesk\app-employee\src\main\java\io\github\nelsonsoria\helpdesk\Service\EmployeeServiceImpl.java. Using fallback presentation compiler.
2026.02.16 19:14:19 INFO  no build target found for C:\Users\nelso\OneDrive\Desktop\HelpDesk\app-employee\src\main\java\io\github\nelsonsoria\helpdesk\Service\EmployeeServiceImpl.java. Using fallback presentation compiler.
2026.02.16 19:14:19 INFO  no build target found for C:\Users\nelso\OneDrive\Desktop\HelpDesk\app-employee\src\main\java\io\github\nelsonsoria\helpdesk\Service\EmployeeServiceImpl.java. Using fallback presentation compiler.
2026.02.16 19:14:19 INFO  no build target found for C:\Users\nelso\OneDrive\Desktop\HelpDesk\app-employee\src\main\java\io\github\nelsonsoria\helpdesk\Service\EmployeeServiceImpl.java. Using fallback presentation compiler.
2026.02.16 19:14:19 INFO  no build target found for C:\Users\nelso\OneDrive\Desktop\HelpDesk\app-employee\src\main\java\io\github\nelsonsoria\helpdesk\Service\EmployeeServiceImpl.java. Using fallback presentation compiler.
2026.02.16 19:14:20 INFO  no build target found for C:\Users\nelso\OneDrive\Desktop\HelpDesk\app-employee\src\main\java\io\github\nelsonsoria\helpdesk\Service\EmployeeServiceImpl.java. Using fallback presentation compiler.
2026.02.16 19:14:20 INFO  no build target found for C:\Users\nelso\OneDrive\Desktop\HelpDesk\app-employee\src\main\java\io\github\nelsonsoria\helpdesk\Service\EmployeeServiceImpl.java. Using fallback presentation compiler.
2026.02.16 19:14:20 INFO  no build target found for C:\Users\nelso\OneDrive\Desktop\HelpDesk\app-employee\src\main\java\io\github\nelsonsoria\helpdesk\Service\EmployeeServiceImpl.java. Using fallback presentation compiler.
2026.02.16 19:14:21 INFO  no build target found for C:\Users\nelso\OneDrive\Desktop\HelpDesk\app-employee\src\main\java\io\github\nelsonsoria\helpdesk\Service\EmployeeServiceImpl.java. Using fallback presentation compiler.
2026.02.16 19:14:25 INFO  no build target found for C:\Users\nelso\OneDrive\Desktop\HelpDesk\app-employee\src\main\java\io\github\nelsonsoria\helpdesk\Service\EmployeeServiceImpl.java. Using fallback presentation compiler.
2026.02.16 19:14:25 INFO  no build target found for C:\Users\nelso\OneDrive\Desktop\HelpDesk\app-employee\src\main\java\io\github\nelsonsoria\helpdesk\Service\EmployeeServiceImpl.java. Using fallback presentation compiler.
2026.02.16 19:14:25 INFO  no build target found for C:\Users\nelso\OneDrive\Desktop\HelpDesk\app-employee\src\main\java\io\github\nelsonsoria\helpdesk\Service\EmployeeServiceImpl.java. Using fallback presentation compiler.
2026.02.16 19:14:25 INFO  no build target found for C:\Users\nelso\OneDrive\Desktop\HelpDesk\app-employee\src\main\java\io\github\nelsonsoria\helpdesk\Service\EmployeeServiceImpl.java. Using fallback presentation compiler.
2026.02.16 19:14:25 INFO  no build target found for C:\Users\nelso\OneDrive\Desktop\HelpDesk\app-employee\src\main\java\io\github\nelsonsoria\helpdesk\Service\EmployeeServiceImpl.java. Using fallback presentation compiler.
2026.02.16 19:14:26 INFO  no build target found for C:\Users\nelso\OneDrive\Desktop\HelpDesk\app-employee\src\main\java\io\github\nelsonsoria\helpdesk\Service\EmployeeServiceImpl.java. Using fallback presentation compiler.
2026.02.16 19:14:25 INFO  no build target found for C:\Users\nelso\OneDrive\Desktop\HelpDesk\app-employee\src\main\java\io\github\nelsonsoria\helpdesk\Service\EmployeeServiceImpl.java. Using fallback presentation compiler.
2026.02.16 19:14:26 INFO  no build target found for C:\Users\nelso\OneDrive\Desktop\HelpDesk\app-employee\src\main\java\io\github\nelsonsoria\helpdesk\Service\EmployeeServiceImpl.java. Using fallback presentation compiler.
2026.02.16 19:14:26 INFO  no build target found for C:\Users\nelso\OneDrive\Desktop\HelpDesk\app-employee\src\main\java\io\github\nelsonsoria\helpdesk\Service\EmployeeServiceImpl.java. Using fallback presentation compiler.
2026.02.16 19:14:26 INFO  no build target found for C:\Users\nelso\OneDrive\Desktop\HelpDesk\app-employee\src\main\java\io\github\nelsonsoria\helpdesk\Service\EmployeeServiceImpl.java. Using fallback presentation compiler.
2026.02.16 19:14:26 INFO  no build target found for C:\Users\nelso\OneDrive\Desktop\HelpDesk\app-employee\src\main\java\io\github\nelsonsoria\helpdesk\Service\EmployeeServiceImpl.java. Using fallback presentation compiler.
2026.02.16 19:14:26 INFO  no build target found for C:\Users\nelso\OneDrive\Desktop\HelpDesk\app-employee\src\main\java\io\github\nelsonsoria\helpdesk\Service\EmployeeServiceImpl.java. Using fallback presentation compiler.
2026.02.16 19:14:27 INFO  no build target found for C:\Users\nelso\OneDrive\Desktop\HelpDesk\app-employee\src\main\java\io\github\nelsonsoria\helpdesk\Service\EmployeeServiceImpl.java. Using fallback presentation compiler.
2026.02.16 19:14:27 INFO  no build target found for C:\Users\nelso\OneDrive\Desktop\HelpDesk\app-employee\src\main\java\io\github\nelsonsoria\helpdesk\Service\EmployeeServiceImpl.java. Using fallback presentation compiler.
2026.02.16 19:14:27 INFO  no build target found for C:\Users\nelso\OneDrive\Desktop\HelpDesk\app-employee\src\main\java\io\github\nelsonsoria\helpdesk\Service\EmployeeServiceImpl.java. Using fallback presentation compiler.
2026.02.16 19:14:29 INFO  no build target found for C:\Users\nelso\OneDrive\Desktop\HelpDesk\app-employee\src\main\java\io\github\nelsonsoria\helpdesk\Service\EmployeeServiceImpl.java. Using fallback presentation compiler.
2026.02.16 19:14:29 INFO  no build target found for C:\Users\nelso\OneDrive\Desktop\HelpDesk\app-employee\src\main\java\io\github\nelsonsoria\helpdesk\Service\EmployeeServiceImpl.java. Using fallback presentation compiler.
2026.02.16 19:14:29 INFO  no build target found for C:\Users\nelso\OneDrive\Desktop\HelpDesk\app-employee\src\main\java\io\github\nelsonsoria\helpdesk\Service\EmployeeServiceImpl.java. Using fallback presentation compiler.
2026.02.16 19:14:29 INFO  no build target found for C:\Users\nelso\OneDrive\Desktop\HelpDesk\app-employee\src\main\java\io\github\nelsonsoria\helpdesk\Service\EmployeeServiceImpl.java. Using fallback presentation compiler.
2026.02.16 19:14:30 INFO  no build target found for C:\Users\nelso\OneDrive\Desktop\HelpDesk\app-employee\src\main\java\io\github\nelsonsoria\helpdesk\Service\EmployeeServiceImpl.java. Using fallback presentation compiler.
2026.02.16 19:14:30 INFO  no build target found for C:\Users\nelso\OneDrive\Desktop\HelpDesk\app-employee\src\main\java\io\github\nelsonsoria\helpdesk\Service\EmployeeServiceImpl.java. Using fallback presentation compiler.
2026.02.16 19:14:30 INFO  no build target found for C:\Users\nelso\OneDrive\Desktop\HelpDesk\app-employee\src\main\java\io\github\nelsonsoria\helpdesk\Service\EmployeeServiceImpl.java. Using fallback presentation compiler.
2026.02.16 19:14:30 INFO  no build target found for C:\Users\nelso\OneDrive\Desktop\HelpDesk\app-employee\src\main\java\io\github\nelsonsoria\helpdesk\Service\EmployeeServiceImpl.java. Using fallback presentation compiler.
2026.02.16 19:14:30 INFO  no build target found for C:\Users\nelso\OneDrive\Desktop\HelpDesk\app-employee\src\main\java\io\github\nelsonsoria\helpdesk\Service\EmployeeServiceImpl.java. Using fallback presentation compiler.
2026.02.16 19:14:30 INFO  no build target found for C:\Users\nelso\OneDrive\Desktop\HelpDesk\app-employee\src\main\java\io\github\nelsonsoria\helpdesk\Service\EmployeeServiceImpl.java. Using fallback presentation compiler.
2026.02.16 19:14:32 INFO  no build target found for C:\Users\nelso\OneDrive\Desktop\HelpDesk\app-employee\src\main\java\io\github\nelsonsoria\helpdesk\Service\EmployeeServiceImpl.java. Using fallback presentation compiler.
2026.02.16 19:14:32 INFO  no build target found for C:\Users\nelso\OneDrive\Desktop\HelpDesk\app-employee\src\main\java\io\github\nelsonsoria\helpdesk\Service\EmployeeServiceImpl.java. Using fallback presentation compiler.
2026.02.16 19:14:32 INFO  no build target found for C:\Users\nelso\OneDrive\Desktop\HelpDesk\app-employee\src\main\java\io\github\nelsonsoria\helpdesk\Service\EmployeeServiceImpl.java. Using fallback presentation compiler.
2026.02.16 19:14:32 INFO  no build target found for C:\Users\nelso\OneDrive\Desktop\HelpDesk\app-employee\src\main\java\io\github\nelsonsoria\helpdesk\Service\EmployeeServiceImpl.java. Using fallback presentation compiler.
2026.02.16 19:14:32 INFO  no build target found for C:\Users\nelso\OneDrive\Desktop\HelpDesk\app-employee\src\main\java\io\github\nelsonsoria\helpdesk\Service\EmployeeServiceImpl.java. Using fallback presentation compiler.
2026.02.16 19:14:33 INFO  no build target found for C:\Users\nelso\OneDrive\Desktop\HelpDesk\app-employee\src\main\java\io\github\nelsonsoria\helpdesk\Service\EmployeeServiceImpl.java. Using fallback presentation compiler.
2026.02.16 19:14:33 INFO  no build target found for C:\Users\nelso\OneDrive\Desktop\HelpDesk\app-employee\src\main\java\io\github\nelsonsoria\helpdesk\Service\EmployeeServiceImpl.java. Using fallback presentation compiler.
2026.02.16 19:14:34 INFO  no build target found for C:\Users\nelso\OneDrive\Desktop\HelpDesk\app-employee\src\main\java\io\github\nelsonsoria\helpdesk\Service\EmployeeServiceImpl.java. Using fallback presentation compiler.
2026.02.16 19:14:34 INFO  no build target found for C:\Users\nelso\OneDrive\Desktop\HelpDesk\app-employee\src\main\java\io\github\nelsonsoria\helpdesk\Service\EmployeeServiceImpl.java. Using fallback presentation compiler.
2026.02.16 19:14:34 INFO  no build target found for C:\Users\nelso\OneDrive\Desktop\HelpDesk\app-employee\src\main\java\io\github\nelsonsoria\helpdesk\Service\EmployeeServiceImpl.java. Using fallback presentation compiler.
2026.02.16 19:14:40 INFO  no build target found for C:\Users\nelso\OneDrive\Desktop\HelpDesk\app-employee\src\main\java\io\github\nelsonsoria\helpdesk\Service\EmployeeServiceImpl.java. Using fallback presentation compiler.
2026.02.16 19:14:40 INFO  no build target found for C:\Users\nelso\OneDrive\Desktop\HelpDesk\app-employee\src\main\java\io\github\nelsonsoria\helpdesk\Service\EmployeeServiceImpl.java. Using fallback presentation compiler.
2026.02.16 19:14:40 INFO  no build target found for C:\Users\nelso\OneDrive\Desktop\HelpDesk\app-employee\src\main\java\io\github\nelsonsoria\helpdesk\Service\EmployeeServiceImpl.java. Using fallback presentation compiler.
2026.02.16 19:14:40 INFO  no build target found for C:\Users\nelso\OneDrive\Desktop\HelpDesk\app-employee\src\main\java\io\github\nelsonsoria\helpdesk\Service\EmployeeServiceImpl.java. Using fallback presentation compiler.
2026.02.16 19:14:40 INFO  no build target found for C:\Users\nelso\OneDrive\Desktop\HelpDesk\app-employee\src\main\java\io\github\nelsonsoria\helpdesk\Service\EmployeeServiceImpl.java. Using fallback presentation compiler.
2026.02.16 19:14:40 INFO  no build target found for C:\Users\nelso\OneDrive\Desktop\HelpDesk\app-employee\src\main\java\io\github\nelsonsoria\helpdesk\Service\EmployeeServiceImpl.java. Using fallback presentation compiler.
2026.02.16 19:14:40 INFO  no build target found for C:\Users\nelso\OneDrive\Desktop\HelpDesk\app-employee\src\main\java\io\github\nelsonsoria\helpdesk\Service\EmployeeServiceImpl.java. Using fallback presentation compiler.
2026.02.16 19:14:40 INFO  no build target found for C:\Users\nelso\OneDrive\Desktop\HelpDesk\app-employee\src\main\java\io\github\nelsonsoria\helpdesk\Service\EmployeeServiceImpl.java. Using fallback presentation compiler.
2026.02.16 19:14:41 INFO  no build target found for C:\Users\nelso\OneDrive\Desktop\HelpDesk\app-employee\src\main\java\io\github\nelsonsoria\helpdesk\Service\EmployeeServiceImpl.java. Using fallback presentation compiler.
2026.02.16 19:14:41 INFO  no build target found for C:\Users\nelso\OneDrive\Desktop\HelpDesk\app-employee\src\main\java\io\github\nelsonsoria\helpdesk\Service\EmployeeServiceImpl.java. Using fallback presentation compiler.
2026.02.16 19:14:41 INFO  no build target found for C:\Users\nelso\OneDrive\Desktop\HelpDesk\app-employee\src\main\java\io\github\nelsonsoria\helpdesk\Service\EmployeeServiceImpl.java. Using fallback presentation compiler.
2026.02.16 19:14:42 INFO  no build target found for C:\Users\nelso\OneDrive\Desktop\HelpDesk\app-employee\src\main\java\io\github\nelsonsoria\helpdesk\Service\EmployeeServiceImpl.java. Using fallback presentation compiler.
2026.02.16 19:14:42 INFO  no build target found for C:\Users\nelso\OneDrive\Desktop\HelpDesk\app-employee\src\main\java\io\github\nelsonsoria\helpdesk\Service\EmployeeServiceImpl.java. Using fallback presentation compiler.
2026.02.16 19:14:42 INFO  no build target found for C:\Users\nelso\OneDrive\Desktop\HelpDesk\app-employee\src\main\java\io\github\nelsonsoria\helpdesk\Service\EmployeeServiceImpl.java. Using fallback presentation compiler.
2026.02.16 19:14:42 INFO  no build target found for C:\Users\nelso\OneDrive\Desktop\HelpDesk\app-employee\src\main\java\io\github\nelsonsoria\helpdesk\Service\EmployeeServiceImpl.java. Using fallback presentation compiler.
2026.02.16 19:14:42 INFO  no build target found for C:\Users\nelso\OneDrive\Desktop\HelpDesk\app-employee\src\main\java\io\github\nelsonsoria\helpdesk\Service\EmployeeServiceImpl.java. Using fallback presentation compiler.
2026.02.16 19:14:43 INFO  no build target found for C:\Users\nelso\OneDrive\Desktop\HelpDesk\app-employee\src\main\java\io\github\nelsonsoria\helpdesk\Service\EmployeeServiceImpl.java. Using fallback presentation compiler.
2026.02.16 19:14:43 INFO  no build target found for C:\Users\nelso\OneDrive\Desktop\HelpDesk\app-employee\src\main\java\io\github\nelsonsoria\helpdesk\Service\EmployeeServiceImpl.java. Using fallback presentation compiler.
2026.02.16 19:14:58 INFO  no build target found for C:\Users\nelso\OneDrive\Desktop\HelpDesk\app-employee\src\main\java\io\github\nelsonsoria\helpdesk\Service\EmployeeServiceImpl.java. Using fallback presentation compiler.
2026.02.16 19:14:58 INFO  no build target found for C:\Users\nelso\OneDrive\Desktop\HelpDesk\app-employee\src\main\java\io\github\nelsonsoria\helpdesk\Service\EmployeeServiceImpl.java. Using fallback presentation compiler.
2026.02.16 19:14:58 INFO  no build target found for C:\Users\nelso\OneDrive\Desktop\HelpDesk\app-employee\src\main\java\io\github\nelsonsoria\helpdesk\Service\EmployeeServiceImpl.java. Using fallback presentation compiler.
2026.02.16 19:14:58 INFO  no build target found for C:\Users\nelso\OneDrive\Desktop\HelpDesk\app-employee\src\main\java\io\github\nelsonsoria\helpdesk\Service\EmployeeServiceImpl.java. Using fallback presentation compiler.
2026.02.16 19:14:58 INFO  no build target found for C:\Users\nelso\OneDrive\Desktop\HelpDesk\app-employee\src\main\java\io\github\nelsonsoria\helpdesk\Service\EmployeeServiceImpl.java. Using fallback presentation compiler.
2026.02.16 19:14:58 INFO  no build target found for C:\Users\nelso\OneDrive\Desktop\HelpDesk\app-employee\src\main\java\io\github\nelsonsoria\helpdesk\Service\EmployeeServiceImpl.java. Using fallback presentation compiler.
2026.02.16 19:14:58 INFO  no build target found for C:\Users\nelso\OneDrive\Desktop\HelpDesk\app-employee\src\main\java\io\github\nelsonsoria\helpdesk\Service\EmployeeServiceImpl.java. Using fallback presentation compiler.
2026.02.16 19:14:58 INFO  no build target found for C:\Users\nelso\OneDrive\Desktop\HelpDesk\app-employee\src\main\java\io\github\nelsonsoria\helpdesk\Service\EmployeeServiceImpl.java. Using fallback presentation compiler.
2026.02.16 19:14:58 INFO  no build target found for C:\Users\nelso\OneDrive\Desktop\HelpDesk\app-employee\src\main\java\io\github\nelsonsoria\helpdesk\Service\EmployeeServiceImpl.java. Using fallback presentation compiler.
2026.02.16 19:14:59 INFO  no build target found for C:\Users\nelso\OneDrive\Desktop\HelpDesk\app-employee\src\main\java\io\github\nelsonsoria\helpdesk\Service\EmployeeServiceImpl.java. Using fallback presentation compiler.
2026.02.16 19:14:59 INFO  no build target found for C:\Users\nelso\OneDrive\Desktop\HelpDesk\app-employee\src\main\java\io\github\nelsonsoria\helpdesk\Service\EmployeeServiceImpl.java. Using fallback presentation compiler.
2026.02.16 19:14:59 INFO  no build target found for C:\Users\nelso\OneDrive\Desktop\HelpDesk\app-employee\src\main\java\io\github\nelsonsoria\helpdesk\Service\EmployeeServiceImpl.java. Using fallback presentation compiler.
2026.02.16 19:14:59 INFO  no build target found for C:\Users\nelso\OneDrive\Desktop\HelpDesk\app-employee\src\main\java\io\github\nelsonsoria\helpdesk\Service\EmployeeServiceImpl.java. Using fallback presentation compiler.
2026.02.16 19:14:59 INFO  no build target found for C:\Users\nelso\OneDrive\Desktop\HelpDesk\app-employee\src\main\java\io\github\nelsonsoria\helpdesk\Service\EmployeeServiceImpl.java. Using fallback presentation compiler.
2026.02.16 19:15:00 INFO  no build target found for C:\Users\nelso\OneDrive\Desktop\HelpDesk\app-employee\src\main\java\io\github\nelsonsoria\helpdesk\Service\EmployeeServiceImpl.java. Using fallback presentation compiler.
2026.02.16 19:14:59 INFO  no build target found for C:\Users\nelso\OneDrive\Desktop\HelpDesk\app-employee\src\main\java\io\github\nelsonsoria\helpdesk\Service\EmployeeServiceImpl.java. Using fallback presentation compiler.
2026.02.16 19:15:00 INFO  no build target found for C:\Users\nelso\OneDrive\Desktop\HelpDesk\app-employee\src\main\java\io\github\nelsonsoria\helpdesk\Service\EmployeeServiceImpl.java. Using fallback presentation compiler.
2026.02.16 19:15:00 INFO  no build target found for C:\Users\nelso\OneDrive\Desktop\HelpDesk\app-employee\src\main\java\io\github\nelsonsoria\helpdesk\Service\EmployeeServiceImpl.java. Using fallback presentation compiler.
2026.02.16 19:15:00 INFO  no build target found for C:\Users\nelso\OneDrive\Desktop\HelpDesk\app-employee\src\main\java\io\github\nelsonsoria\helpdesk\Service\EmployeeServiceImpl.java. Using fallback presentation compiler.
2026.02.16 19:15:00 INFO  no build target found for C:\Users\nelso\OneDrive\Desktop\HelpDesk\app-employee\src\main\java\io\github\nelsonsoria\helpdesk\Service\EmployeeServiceImpl.java. Using fallback presentation compiler.
2026.02.16 19:15:00 INFO  no build target found for C:\Users\nelso\OneDrive\Desktop\HelpDesk\app-employee\src\main\java\io\github\nelsonsoria\helpdesk\Service\EmployeeServiceImpl.java. Using fallback presentation compiler.
2026.02.16 19:15:00 INFO  no build target found for C:\Users\nelso\OneDrive\Desktop\HelpDesk\app-employee\src\main\java\io\github\nelsonsoria\helpdesk\Service\EmployeeServiceImpl.java. Using fallback presentation compiler.
2026.02.16 19:15:00 INFO  no build target found for C:\Users\nelso\OneDrive\Desktop\HelpDesk\app-employee\src\main\java\io\github\nelsonsoria\helpdesk\Service\EmployeeServiceImpl.java. Using fallback presentation compiler.
2026.02.16 19:15:00 INFO  no build target found for C:\Users\nelso\OneDrive\Desktop\HelpDesk\app-employee\src\main\java\io\github\nelsonsoria\helpdesk\Service\EmployeeServiceImpl.java. Using fallback presentation compiler.
2026.02.16 19:15:00 INFO  no build target found for C:\Users\nelso\OneDrive\Desktop\HelpDesk\app-employee\src\main\java\io\github\nelsonsoria\helpdesk\Service\EmployeeServiceImpl.java. Using fallback presentation compiler.
2026.02.16 19:15:01 INFO  no build target found for C:\Users\nelso\OneDrive\Desktop\HelpDesk\app-employee\src\main\java\io\github\nelsonsoria\helpdesk\Service\EmployeeServiceImpl.java. Using fallback presentation compiler.
2026.02.16 19:15:03 INFO  no build target found for C:\Users\nelso\OneDrive\Desktop\HelpDesk\app-employee\src\main\java\io\github\nelsonsoria\helpdesk\Service\EmployeeServiceImpl.java. Using fallback presentation compiler.
2026.02.16 19:15:03 INFO  no build target found for C:\Users\nelso\OneDrive\Desktop\HelpDesk\app-employee\src\main\java\io\github\nelsonsoria\helpdesk\Service\EmployeeServiceImpl.java. Using fallback presentation compiler.
2026.02.16 19:15:03 INFO  no build target found for C:\Users\nelso\OneDrive\Desktop\HelpDesk\app-employee\src\main\java\io\github\nelsonsoria\helpdesk\Service\EmployeeServiceImpl.java. Using fallback presentation compiler.
2026.02.16 19:15:03 INFO  no build target found for C:\Users\nelso\OneDrive\Desktop\HelpDesk\app-employee\src\main\java\io\github\nelsonsoria\helpdesk\Service\EmployeeServiceImpl.java. Using fallback presentation compiler.
2026.02.16 19:15:03 INFO  no build target found for C:\Users\nelso\OneDrive\Desktop\HelpDesk\app-employee\src\main\java\io\github\nelsonsoria\helpdesk\Service\EmployeeServiceImpl.java. Using fallback presentation compiler.
2026.02.16 19:15:04 INFO  no build target found for C:\Users\nelso\OneDrive\Desktop\HelpDesk\app-employee\src\main\java\io\github\nelsonsoria\helpdesk\Service\EmployeeServiceImpl.java. Using fallback presentation compiler.
2026.02.16 19:15:04 INFO  no build target found for C:\Users\nelso\OneDrive\Desktop\HelpDesk\app-employee\src\main\java\io\github\nelsonsoria\helpdesk\Service\EmployeeServiceImpl.java. Using fallback presentation compiler.
2026.02.16 19:15:05 INFO  no build target found for C:\Users\nelso\OneDrive\Desktop\HelpDesk\app-employee\src\main\java\io\github\nelsonsoria\helpdesk\Service\EmployeeServiceImpl.java. Using fallback presentation compiler.
2026.02.16 19:15:04 INFO  no build target found for C:\Users\nelso\OneDrive\Desktop\HelpDesk\app-employee\src\main\java\io\github\nelsonsoria\helpdesk\Service\EmployeeServiceImpl.java. Using fallback presentation compiler.
2026.02.16 19:15:04 INFO  no build target found for C:\Users\nelso\OneDrive\Desktop\HelpDesk\app-employee\src\main\java\io\github\nelsonsoria\helpdesk\Service\EmployeeServiceImpl.java. Using fallback presentation compiler.
2026.02.16 19:15:04 INFO  no build target found for C:\Users\nelso\OneDrive\Desktop\HelpDesk\app-employee\src\main\java\io\github\nelsonsoria\helpdesk\Service\EmployeeServiceImpl.java. Using fallback presentation compiler.
2026.02.16 19:15:05 INFO  no build target found for C:\Users\nelso\OneDrive\Desktop\HelpDesk\app-employee\src\main\java\io\github\nelsonsoria\helpdesk\Service\EmployeeServiceImpl.java. Using fallback presentation compiler.
2026.02.16 19:15:05 INFO  no build target found for C:\Users\nelso\OneDrive\Desktop\HelpDesk\app-employee\src\main\java\io\github\nelsonsoria\helpdesk\Service\EmployeeServiceImpl.java. Using fallback presentation compiler.
2026.02.16 19:15:05 INFO  no build target found for C:\Users\nelso\OneDrive\Desktop\HelpDesk\app-employee\src\main\java\io\github\nelsonsoria\helpdesk\Service\EmployeeServiceImpl.java. Using fallback presentation compiler.
2026.02.16 19:15:05 INFO  no build target found for C:\Users\nelso\OneDrive\Desktop\HelpDesk\app-employee\src\main\java\io\github\nelsonsoria\helpdesk\Service\EmployeeServiceImpl.java. Using fallback presentation compiler.
2026.02.16 19:15:05 INFO  no build target found for C:\Users\nelso\OneDrive\Desktop\HelpDesk\app-employee\src\main\java\io\github\nelsonsoria\helpdesk\Service\EmployeeServiceImpl.java. Using fallback presentation compiler.
2026.02.16 19:15:07 INFO  no build target found for C:\Users\nelso\OneDrive\Desktop\HelpDesk\app-employee\src\main\java\io\github\nelsonsoria\helpdesk\Service\EmployeeServiceImpl.java. Using fallback presentation compiler.
2026.02.16 19:15:07 INFO  no build target found for C:\Users\nelso\OneDrive\Desktop\HelpDesk\app-employee\src\main\java\io\github\nelsonsoria\helpdesk\Service\EmployeeServiceImpl.java. Using fallback presentation compiler.
2026.02.16 19:15:07 INFO  no build target found for C:\Users\nelso\OneDrive\Desktop\HelpDesk\app-employee\src\main\java\io\github\nelsonsoria\helpdesk\Service\EmployeeServiceImpl.java. Using fallback presentation compiler.
2026.02.16 19:15:10 INFO  no build target found for C:\Users\nelso\OneDrive\Desktop\HelpDesk\app-employee\src\main\java\io\github\nelsonsoria\helpdesk\Service\EmployeeServiceImpl.java. Using fallback presentation compiler.
2026.02.16 19:15:10 INFO  no build target found for C:\Users\nelso\OneDrive\Desktop\HelpDesk\app-employee\src\main\java\io\github\nelsonsoria\helpdesk\Service\EmployeeServiceImpl.java. Using fallback presentation compiler.
2026.02.16 19:15:12 INFO  no build target found for C:\Users\nelso\OneDrive\Desktop\HelpDesk\app-employee\src\main\java\io\github\nelsonsoria\helpdesk\Service\EmployeeServiceImpl.java. Using fallback presentation compiler.
2026.02.16 19:15:12 INFO  no build target found for C:\Users\nelso\OneDrive\Desktop\HelpDesk\app-employee\src\main\java\io\github\nelsonsoria\helpdesk\Service\EmployeeServiceImpl.java. Using fallback presentation compiler.
2026.02.16 19:15:12 INFO  no build target found for C:\Users\nelso\OneDrive\Desktop\HelpDesk\app-employee\src\main\java\io\github\nelsonsoria\helpdesk\Service\EmployeeServiceImpl.java. Using fallback presentation compiler.
2026.02.16 19:15:12 INFO  no build target found for C:\Users\nelso\OneDrive\Desktop\HelpDesk\app-employee\src\main\java\io\github\nelsonsoria\helpdesk\Service\EmployeeServiceImpl.java. Using fallback presentation compiler.
2026.02.16 19:15:12 INFO  no build target found for C:\Users\nelso\OneDrive\Desktop\HelpDesk\app-employee\src\main\java\io\github\nelsonsoria\helpdesk\Service\EmployeeServiceImpl.java. Using fallback presentation compiler.
2026.02.16 19:15:12 INFO  no build target found for C:\Users\nelso\OneDrive\Desktop\HelpDesk\app-employee\src\main\java\io\github\nelsonsoria\helpdesk\Service\EmployeeServiceImpl.java. Using fallback presentation compiler.
2026.02.16 19:15:12 INFO  no build target found for C:\Users\nelso\OneDrive\Desktop\HelpDesk\app-employee\src\main\java\io\github\nelsonsoria\helpdesk\Service\EmployeeServiceImpl.java. Using fallback presentation compiler.
2026.02.16 19:15:12 INFO  no build target found for C:\Users\nelso\OneDrive\Desktop\HelpDesk\app-employee\src\main\java\io\github\nelsonsoria\helpdesk\Service\EmployeeServiceImpl.java. Using fallback presentation compiler.
2026.02.16 19:15:13 INFO  no build target found for C:\Users\nelso\OneDrive\Desktop\HelpDesk\app-employee\src\main\java\io\github\nelsonsoria\helpdesk\Service\EmployeeServiceImpl.java. Using fallback presentation compiler.
2026.02.16 19:15:13 INFO  no build target found for C:\Users\nelso\OneDrive\Desktop\HelpDesk\app-employee\src\main\java\io\github\nelsonsoria\helpdesk\Service\EmployeeServiceImpl.java. Using fallback presentation compiler.
2026.02.16 19:15:13 INFO  no build target found for C:\Users\nelso\OneDrive\Desktop\HelpDesk\app-employee\src\main\java\io\github\nelsonsoria\helpdesk\Service\EmployeeServiceImpl.java. Using fallback presentation compiler.
2026.02.16 19:15:13 INFO  no build target found for C:\Users\nelso\OneDrive\Desktop\HelpDesk\app-employee\src\main\java\io\github\nelsonsoria\helpdesk\Service\EmployeeServiceImpl.java. Using fallback presentation compiler.
2026.02.16 19:15:13 INFO  no build target found for C:\Users\nelso\OneDrive\Desktop\HelpDesk\app-employee\src\main\java\io\github\nelsonsoria\helpdesk\Service\EmployeeServiceImpl.java. Using fallback presentation compiler.
2026.02.16 19:15:13 INFO  no build target found for C:\Users\nelso\OneDrive\Desktop\HelpDesk\app-employee\src\main\java\io\github\nelsonsoria\helpdesk\Service\EmployeeServiceImpl.java. Using fallback presentation compiler.
2026.02.16 19:15:21 INFO  no build target found for C:\Users\nelso\OneDrive\Desktop\HelpDesk\app-employee\src\main\java\io\github\nelsonsoria\helpdesk\Service\EmployeeServiceImpl.java. Using fallback presentation compiler.
2026.02.16 19:15:21 INFO  no build target found for C:\Users\nelso\OneDrive\Desktop\HelpDesk\app-employee\src\main\java\io\github\nelsonsoria\helpdesk\Service\EmployeeServiceImpl.java. Using fallback presentation compiler.
2026.02.16 19:15:22 INFO  no build target found for C:\Users\nelso\OneDrive\Desktop\HelpDesk\app-employee\src\main\java\io\github\nelsonsoria\helpdesk\Service\EmployeeServiceImpl.java. Using fallback presentation compiler.
2026.02.16 19:15:23 INFO  no build target found for C:\Users\nelso\OneDrive\Desktop\HelpDesk\app-employee\src\main\java\io\github\nelsonsoria\helpdesk\Service\EmployeeServiceImpl.java. Using fallback presentation compiler.
2026.02.16 19:15:23 INFO  no build target found for C:\Users\nelso\OneDrive\Desktop\HelpDesk\app-employee\src\main\java\io\github\nelsonsoria\helpdesk\Service\EmployeeServiceImpl.java. Using fallback presentation compiler.
2026.02.16 19:15:23 INFO  no build target found for C:\Users\nelso\OneDrive\Desktop\HelpDesk\app-employee\src\main\java\io\github\nelsonsoria\helpdesk\Service\EmployeeServiceImpl.java. Using fallback presentation compiler.
2026.02.16 19:15:23 INFO  no build target found for C:\Users\nelso\OneDrive\Desktop\HelpDesk\app-employee\src\main\java\io\github\nelsonsoria\helpdesk\Service\EmployeeServiceImpl.java. Using fallback presentation compiler.
2026.02.16 19:15:23 INFO  no build target found for C:\Users\nelso\OneDrive\Desktop\HelpDesk\app-employee\src\main\java\io\github\nelsonsoria\helpdesk\Service\EmployeeServiceImpl.java. Using fallback presentation compiler.
2026.02.16 19:15:23 INFO  no build target found for C:\Users\nelso\OneDrive\Desktop\HelpDesk\app-employee\src\main\java\io\github\nelsonsoria\helpdesk\Service\EmployeeServiceImpl.java. Using fallback presentation compiler.
2026.02.16 19:15:23 INFO  no build target found for C:\Users\nelso\OneDrive\Desktop\HelpDesk\app-employee\src\main\java\io\github\nelsonsoria\helpdesk\Service\EmployeeServiceImpl.java. Using fallback presentation compiler.
2026.02.16 19:15:23 INFO  no build target found for C:\Users\nelso\OneDrive\Desktop\HelpDesk\app-employee\src\main\java\io\github\nelsonsoria\helpdesk\Service\EmployeeServiceImpl.java. Using fallback presentation compiler.
2026.02.16 19:15:23 INFO  no build target found for C:\Users\nelso\OneDrive\Desktop\HelpDesk\app-employee\src\main\java\io\github\nelsonsoria\helpdesk\Service\EmployeeServiceImpl.java. Using fallback presentation compiler.
2026.02.16 19:15:23 INFO  no build target found for C:\Users\nelso\OneDrive\Desktop\HelpDesk\app-employee\src\main\java\io\github\nelsonsoria\helpdesk\Service\EmployeeServiceImpl.java. Using fallback presentation compiler.
2026.02.16 19:15:23 INFO  no build target found for C:\Users\nelso\OneDrive\Desktop\HelpDesk\app-employee\src\main\java\io\github\nelsonsoria\helpdesk\Service\EmployeeServiceImpl.java. Using fallback presentation compiler.
2026.02.16 19:15:24 INFO  no build target found for C:\Users\nelso\OneDrive\Desktop\HelpDesk\app-employee\src\main\java\io\github\nelsonsoria\helpdesk\Service\EmployeeServiceImpl.java. Using fallback presentation compiler.
2026.02.16 19:15:24 INFO  no build target found for C:\Users\nelso\OneDrive\Desktop\HelpDesk\app-employee\src\main\java\io\github\nelsonsoria\helpdesk\Service\EmployeeServiceImpl.java. Using fallback presentation compiler.
2026.02.16 19:15:24 INFO  no build target found for C:\Users\nelso\OneDrive\Desktop\HelpDesk\app-employee\src\main\java\io\github\nelsonsoria\helpdesk\Service\EmployeeServiceImpl.java. Using fallback presentation compiler.
2026.02.16 19:15:24 INFO  no build target found for C:\Users\nelso\OneDrive\Desktop\HelpDesk\app-employee\src\main\java\io\github\nelsonsoria\helpdesk\Service\EmployeeServiceImpl.java. Using fallback presentation compiler.
2026.02.16 19:15:24 INFO  no build target found for C:\Users\nelso\OneDrive\Desktop\HelpDesk\app-employee\src\main\java\io\github\nelsonsoria\helpdesk\Service\EmployeeServiceImpl.java. Using fallback presentation compiler.
2026.02.16 19:15:24 INFO  no build target found for C:\Users\nelso\OneDrive\Desktop\HelpDesk\app-employee\src\main\java\io\github\nelsonsoria\helpdesk\Service\EmployeeServiceImpl.java. Using fallback presentation compiler.
2026.02.16 19:15:24 INFO  no build target found for C:\Users\nelso\OneDrive\Desktop\HelpDesk\app-employee\src\main\java\io\github\nelsonsoria\helpdesk\Service\EmployeeServiceImpl.java. Using fallback presentation compiler.
2026.02.16 19:15:24 INFO  no build target found for C:\Users\nelso\OneDrive\Desktop\HelpDesk\app-employee\src\main\java\io\github\nelsonsoria\helpdesk\Service\EmployeeServiceImpl.java. Using fallback presentation compiler.
2026.02.16 19:15:24 INFO  no build target found for C:\Users\nelso\OneDrive\Desktop\HelpDesk\app-employee\src\main\java\io\github\nelsonsoria\helpdesk\Service\EmployeeServiceImpl.java. Using fallback presentation compiler.
2026.02.16 19:15:24 INFO  no build target found for C:\Users\nelso\OneDrive\Desktop\HelpDesk\app-employee\src\main\java\io\github\nelsonsoria\helpdesk\Service\EmployeeServiceImpl.java. Using fallback presentation compiler.
2026.02.16 19:15:24 INFO  no build target found for C:\Users\nelso\OneDrive\Desktop\HelpDesk\app-employee\src\main\java\io\github\nelsonsoria\helpdesk\Service\EmployeeServiceImpl.java. Using fallback presentation compiler.
2026.02.16 19:15:25 INFO  no build target found for C:\Users\nelso\OneDrive\Desktop\HelpDesk\app-employee\src\main\java\io\github\nelsonsoria\helpdesk\Service\EmployeeServiceImpl.java. Using fallback presentation compiler.
2026.02.16 19:15:25 INFO  no build target found for C:\Users\nelso\OneDrive\Desktop\HelpDesk\app-employee\src\main\java\io\github\nelsonsoria\helpdesk\Service\EmployeeServiceImpl.java. Using fallback presentation compiler.
2026.02.16 19:15:25 INFO  no build target found for C:\Users\nelso\OneDrive\Desktop\HelpDesk\app-employee\src\main\java\io\github\nelsonsoria\helpdesk\Service\EmployeeServiceImpl.java. Using fallback presentation compiler.
2026.02.16 19:15:25 INFO  no build target found for C:\Users\nelso\OneDrive\Desktop\HelpDesk\app-employee\src\main\java\io\github\nelsonsoria\helpdesk\Service\EmployeeServiceImpl.java. Using fallback presentation compiler.
2026.02.16 19:15:25 INFO  no build target found for C:\Users\nelso\OneDrive\Desktop\HelpDesk\app-employee\src\main\java\io\github\nelsonsoria\helpdesk\Service\EmployeeServiceImpl.java. Using fallback presentation compiler.
2026.02.16 19:15:25 INFO  no build target found for C:\Users\nelso\OneDrive\Desktop\HelpDesk\app-employee\src\main\java\io\github\nelsonsoria\helpdesk\Service\EmployeeServiceImpl.java. Using fallback presentation compiler.
2026.02.16 19:15:25 INFO  no build target found for C:\Users\nelso\OneDrive\Desktop\HelpDesk\app-employee\src\main\java\io\github\nelsonsoria\helpdesk\Service\EmployeeServiceImpl.java. Using fallback presentation compiler.
2026.02.16 19:15:26 INFO  no build target found for C:\Users\nelso\OneDrive\Desktop\HelpDesk\app-employee\src\main\java\io\github\nelsonsoria\helpdesk\Service\EmployeeServiceImpl.java. Using fallback presentation compiler.
2026.02.16 19:15:26 INFO  no build target found for C:\Users\nelso\OneDrive\Desktop\HelpDesk\app-employee\src\main\java\io\github\nelsonsoria\helpdesk\Service\EmployeeServiceImpl.java. Using fallback presentation compiler.
2026.02.16 19:15:26 INFO  no build target found for C:\Users\nelso\OneDrive\Desktop\HelpDesk\app-employee\src\main\java\io\github\nelsonsoria\helpdesk\Service\EmployeeServiceImpl.java. Using fallback presentation compiler.
2026.02.16 19:15:26 INFO  no build target found for C:\Users\nelso\OneDrive\Desktop\HelpDesk\app-employee\src\main\java\io\github\nelsonsoria\helpdesk\Service\EmployeeServiceImpl.java. Using fallback presentation compiler.
2026.02.16 19:15:26 INFO  no build target found for C:\Users\nelso\OneDrive\Desktop\HelpDesk\app-employee\src\main\java\io\github\nelsonsoria\helpdesk\Service\EmployeeServiceImpl.java. Using fallback presentation compiler.
2026.02.16 19:15:26 INFO  no build target found for C:\Users\nelso\OneDrive\Desktop\HelpDesk\app-employee\src\main\java\io\github\nelsonsoria\helpdesk\Service\EmployeeServiceImpl.java. Using fallback presentation compiler.
2026.02.16 19:15:27 INFO  no build target found for C:\Users\nelso\OneDrive\Desktop\HelpDesk\app-employee\src\main\java\io\github\nelsonsoria\helpdesk\Service\EmployeeServiceImpl.java. Using fallback presentation compiler.
2026.02.16 19:15:26 INFO  no build target found for C:\Users\nelso\OneDrive\Desktop\HelpDesk\app-employee\src\main\java\io\github\nelsonsoria\helpdesk\Service\EmployeeServiceImpl.java. Using fallback presentation compiler.
2026.02.16 19:15:27 INFO  no build target found for C:\Users\nelso\OneDrive\Desktop\HelpDesk\app-employee\src\main\java\io\github\nelsonsoria\helpdesk\Service\EmployeeServiceImpl.java. Using fallback presentation compiler.
2026.02.16 19:15:27 INFO  no build target found for C:\Users\nelso\OneDrive\Desktop\HelpDesk\app-employee\src\main\java\io\github\nelsonsoria\helpdesk\Service\EmployeeServiceImpl.java. Using fallback presentation compiler.
2026.02.16 19:15:27 INFO  no build target found for C:\Users\nelso\OneDrive\Desktop\HelpDesk\app-employee\src\main\java\io\github\nelsonsoria\helpdesk\Service\EmployeeServiceImpl.java. Using fallback presentation compiler.
2026.02.16 19:15:27 INFO  no build target found for C:\Users\nelso\OneDrive\Desktop\HelpDesk\app-employee\src\main\java\io\github\nelsonsoria\helpdesk\Service\EmployeeServiceImpl.java. Using fallback presentation compiler.
2026.02.16 19:15:28 INFO  no build target found for C:\Users\nelso\OneDrive\Desktop\HelpDesk\app-employee\src\main\java\io\github\nelsonsoria\helpdesk\Service\EmployeeServiceImpl.java. Using fallback presentation compiler.
2026.02.16 19:15:29 INFO  no build target found for C:\Users\nelso\OneDrive\Desktop\HelpDesk\app-employee\src\main\java\io\github\nelsonsoria\helpdesk\Service\EmployeeServiceImpl.java. Using fallback presentation compiler.
2026.02.16 19:15:29 INFO  no build target found for C:\Users\nelso\OneDrive\Desktop\HelpDesk\app-employee\src\main\java\io\github\nelsonsoria\helpdesk\Service\EmployeeServiceImpl.java. Using fallback presentation compiler.
2026.02.16 19:15:29 INFO  no build target found for C:\Users\nelso\OneDrive\Desktop\HelpDesk\app-employee\src\main\java\io\github\nelsonsoria\helpdesk\Service\EmployeeServiceImpl.java. Using fallback presentation compiler.
2026.02.16 19:15:30 INFO  no build target found for C:\Users\nelso\OneDrive\Desktop\HelpDesk\app-employee\src\main\java\io\github\nelsonsoria\helpdesk\Service\EmployeeServiceImpl.java. Using fallback presentation compiler.
2026.02.16 19:15:29 INFO  no build target found for C:\Users\nelso\OneDrive\Desktop\HelpDesk\app-employee\src\main\java\io\github\nelsonsoria\helpdesk\Service\EmployeeServiceImpl.java. Using fallback presentation compiler.
2026.02.16 19:15:30 INFO  no build target found for C:\Users\nelso\OneDrive\Desktop\HelpDesk\app-employee\src\main\java\io\github\nelsonsoria\helpdesk\Service\EmployeeServiceImpl.java. Using fallback presentation compiler.
2026.02.16 19:15:32 INFO  no build target found for C:\Users\nelso\OneDrive\Desktop\HelpDesk\app-employee\src\main\java\io\github\nelsonsoria\helpdesk\Service\EmployeeServiceImpl.java. Using fallback presentation compiler.
2026.02.16 19:15:32 INFO  no build target found for C:\Users\nelso\OneDrive\Desktop\HelpDesk\app-employee\src\main\java\io\github\nelsonsoria\helpdesk\Service\EmployeeServiceImpl.java. Using fallback presentation compiler.
2026.02.16 19:15:33 INFO  no build target found for C:\Users\nelso\OneDrive\Desktop\HelpDesk\app-employee\src\main\java\io\github\nelsonsoria\helpdesk\Service\EmployeeServiceImpl.java. Using fallback presentation compiler.
2026.02.16 19:15:32 INFO  no build target found for C:\Users\nelso\OneDrive\Desktop\HelpDesk\app-employee\src\main\java\io\github\nelsonsoria\helpdesk\Service\EmployeeServiceImpl.java. Using fallback presentation compiler.
2026.02.16 19:15:32 INFO  no build target found for C:\Users\nelso\OneDrive\Desktop\HelpDesk\app-employee\src\main\java\io\github\nelsonsoria\helpdesk\Service\EmployeeServiceImpl.java. Using fallback presentation compiler.
2026.02.16 19:15:34 INFO  no build target found for C:\Users\nelso\OneDrive\Desktop\HelpDesk\app-employee\src\main\java\io\github\nelsonsoria\helpdesk\Service\EmployeeServiceImpl.java. Using fallback presentation compiler.
2026.02.16 19:15:34 INFO  no build target found for C:\Users\nelso\OneDrive\Desktop\HelpDesk\app-employee\src\main\java\io\github\nelsonsoria\helpdesk\Service\EmployeeServiceImpl.java. Using fallback presentation compiler.
2026.02.16 19:15:34 INFO  no build target found for C:\Users\nelso\OneDrive\Desktop\HelpDesk\app-employee\src\main\java\io\github\nelsonsoria\helpdesk\Service\EmployeeServiceImpl.java. Using fallback presentation compiler.
2026.02.16 19:15:34 INFO  no build target found for C:\Users\nelso\OneDrive\Desktop\HelpDesk\app-employee\src\main\java\io\github\nelsonsoria\helpdesk\Service\EmployeeServiceImpl.java. Using fallback presentation compiler.
2026.02.16 19:15:34 INFO  no build target found for C:\Users\nelso\OneDrive\Desktop\HelpDesk\app-employee\src\main\java\io\github\nelsonsoria\helpdesk\Service\EmployeeServiceImpl.java. Using fallback presentation compiler.
2026.02.16 19:15:35 INFO  no build target found for C:\Users\nelso\OneDrive\Desktop\HelpDesk\app-employee\src\main\java\io\github\nelsonsoria\helpdesk\Service\EmployeeServiceImpl.java. Using fallback presentation compiler.
2026.02.16 19:15:35 INFO  no build target found for C:\Users\nelso\OneDrive\Desktop\HelpDesk\app-employee\src\main\java\io\github\nelsonsoria\helpdesk\Service\EmployeeServiceImpl.java. Using fallback presentation compiler.
2026.02.16 19:15:35 INFO  no build target found for C:\Users\nelso\OneDrive\Desktop\HelpDesk\app-employee\src\main\java\io\github\nelsonsoria\helpdesk\Service\EmployeeServiceImpl.java. Using fallback presentation compiler.
2026.02.16 19:15:35 INFO  no build target found for C:\Users\nelso\OneDrive\Desktop\HelpDesk\app-employee\src\main\java\io\github\nelsonsoria\helpdesk\Service\EmployeeServiceImpl.java. Using fallback presentation compiler.
2026.02.16 19:15:35 INFO  no build target found for C:\Users\nelso\OneDrive\Desktop\HelpDesk\app-employee\src\main\java\io\github\nelsonsoria\helpdesk\Service\EmployeeServiceImpl.java. Using fallback presentation compiler.
2026.02.16 19:15:35 INFO  no build target found for C:\Users\nelso\OneDrive\Desktop\HelpDesk\app-employee\src\main\java\io\github\nelsonsoria\helpdesk\Service\EmployeeServiceImpl.java. Using fallback presentation compiler.
2026.02.16 19:15:35 INFO  no build target found for C:\Users\nelso\OneDrive\Desktop\HelpDesk\app-employee\src\main\java\io\github\nelsonsoria\helpdesk\Service\EmployeeServiceImpl.java. Using fallback presentation compiler.
2026.02.16 19:15:35 INFO  no build target found for C:\Users\nelso\OneDrive\Desktop\HelpDesk\app-employee\src\main\java\io\github\nelsonsoria\helpdesk\Service\EmployeeServiceImpl.java. Using fallback presentation compiler.
2026.02.16 19:15:35 INFO  no build target found for C:\Users\nelso\OneDrive\Desktop\HelpDesk\app-employee\src\main\java\io\github\nelsonsoria\helpdesk\Service\EmployeeServiceImpl.java. Using fallback presentation compiler.
2026.02.16 19:15:36 INFO  no build target found for C:\Users\nelso\OneDrive\Desktop\HelpDesk\app-employee\src\main\java\io\github\nelsonsoria\helpdesk\Service\EmployeeServiceImpl.java. Using fallback presentation compiler.
2026.02.16 19:15:36 INFO  no build target found for C:\Users\nelso\OneDrive\Desktop\HelpDesk\app-employee\src\main\java\io\github\nelsonsoria\helpdesk\Service\EmployeeServiceImpl.java. Using fallback presentation compiler.
2026.02.16 19:15:36 INFO  no build target found for C:\Users\nelso\OneDrive\Desktop\HelpDesk\app-employee\src\main\java\io\github\nelsonsoria\helpdesk\Service\EmployeeServiceImpl.java. Using fallback presentation compiler.
2026.02.16 19:15:36 INFO  no build target found for C:\Users\nelso\OneDrive\Desktop\HelpDesk\app-employee\src\main\java\io\github\nelsonsoria\helpdesk\Service\EmployeeServiceImpl.java. Using fallback presentation compiler.
2026.02.16 19:15:36 INFO  no build target found for C:\Users\nelso\OneDrive\Desktop\HelpDesk\app-employee\src\main\java\io\github\nelsonsoria\helpdesk\Service\EmployeeServiceImpl.java. Using fallback presentation compiler.
2026.02.16 19:15:36 INFO  no build target found for C:\Users\nelso\OneDrive\Desktop\HelpDesk\app-employee\src\main\java\io\github\nelsonsoria\helpdesk\Service\EmployeeServiceImpl.java. Using fallback presentation compiler.
2026.02.16 19:15:36 INFO  no build target found for C:\Users\nelso\OneDrive\Desktop\HelpDesk\app-employee\src\main\java\io\github\nelsonsoria\helpdesk\Service\EmployeeServiceImpl.java. Using fallback presentation compiler.
2026.02.16 19:15:36 INFO  no build target found for C:\Users\nelso\OneDrive\Desktop\HelpDesk\app-employee\src\main\java\io\github\nelsonsoria\helpdesk\Service\EmployeeServiceImpl.java. Using fallback presentation compiler.
2026.02.16 19:15:36 INFO  no build target found for C:\Users\nelso\OneDrive\Desktop\HelpDesk\app-employee\src\main\java\io\github\nelsonsoria\helpdesk\Service\EmployeeServiceImpl.java. Using fallback presentation compiler.
2026.02.16 19:15:36 INFO  no build target found for C:\Users\nelso\OneDrive\Desktop\HelpDesk\app-employee\src\main\java\io\github\nelsonsoria\helpdesk\Service\EmployeeServiceImpl.java. Using fallback presentation compiler.
2026.02.16 19:15:37 INFO  no build target found for C:\Users\nelso\OneDrive\Desktop\HelpDesk\app-employee\src\main\java\io\github\nelsonsoria\helpdesk\Service\EmployeeServiceImpl.java. Using fallback presentation compiler.
2026.02.16 19:15:37 INFO  no build target found for C:\Users\nelso\OneDrive\Desktop\HelpDesk\app-employee\src\main\java\io\github\nelsonsoria\helpdesk\Service\EmployeeServiceImpl.java. Using fallback presentation compiler.
2026.02.16 19:15:37 INFO  no build target found for C:\Users\nelso\OneDrive\Desktop\HelpDesk\app-employee\src\main\java\io\github\nelsonsoria\helpdesk\Service\EmployeeServiceImpl.java. Using fallback presentation compiler.
2026.02.16 19:15:37 INFO  no build target found for C:\Users\nelso\OneDrive\Desktop\HelpDesk\app-employee\src\main\java\io\github\nelsonsoria\helpdesk\Service\EmployeeServiceImpl.java. Using fallback presentation compiler.
2026.02.16 19:15:37 INFO  no build target found for C:\Users\nelso\OneDrive\Desktop\HelpDesk\app-employee\src\main\java\io\github\nelsonsoria\helpdesk\Service\EmployeeServiceImpl.java. Using fallback presentation compiler.
2026.02.16 19:15:39 INFO  no build target found for C:\Users\nelso\OneDrive\Desktop\HelpDesk\app-employee\src\main\java\io\github\nelsonsoria\helpdesk\Service\EmployeeServiceImpl.java. Using fallback presentation compiler.
2026.02.16 19:15:39 INFO  no build target found for C:\Users\nelso\OneDrive\Desktop\HelpDesk\app-employee\src\main\java\io\github\nelsonsoria\helpdesk\Service\EmployeeServiceImpl.java. Using fallback presentation compiler.
2026.02.16 19:15:39 INFO  no build target found for C:\Users\nelso\OneDrive\Desktop\HelpDesk\app-employee\src\main\java\io\github\nelsonsoria\helpdesk\Service\EmployeeServiceImpl.java. Using fallback presentation compiler.
2026.02.16 19:15:39 INFO  no build target found for C:\Users\nelso\OneDrive\Desktop\HelpDesk\app-employee\src\main\java\io\github\nelsonsoria\helpdesk\Service\EmployeeServiceImpl.java. Using fallback presentation compiler.
2026.02.16 19:15:39 INFO  no build target found for C:\Users\nelso\OneDrive\Desktop\HelpDesk\app-employee\src\main\java\io\github\nelsonsoria\helpdesk\Service\EmployeeServiceImpl.java. Using fallback presentation compiler.
2026.02.16 19:15:40 INFO  no build target found for C:\Users\nelso\OneDrive\Desktop\HelpDesk\app-employee\src\main\java\io\github\nelsonsoria\helpdesk\Service\EmployeeServiceImpl.java. Using fallback presentation compiler.
2026.02.16 19:15:39 INFO  no build target found for C:\Users\nelso\OneDrive\Desktop\HelpDesk\app-employee\src\main\java\io\github\nelsonsoria\helpdesk\Service\EmployeeServiceImpl.java. Using fallback presentation compiler.
2026.02.16 19:15:41 INFO  no build target found for C:\Users\nelso\OneDrive\Desktop\HelpDesk\app-employee\src\main\java\io\github\nelsonsoria\helpdesk\Service\EmployeeServiceImpl.java. Using fallback presentation compiler.
2026.02.16 19:15:41 INFO  no build target found for C:\Users\nelso\OneDrive\Desktop\HelpDesk\app-employee\src\main\java\io\github\nelsonsoria\helpdesk\Service\EmployeeServiceImpl.java. Using fallback presentation compiler.
Feb 16, 2026 7:15:41 PM org.eclipse.lsp4j.jsonrpc.RemoteEndpoint handleCancellation
WARNING: Unmatched cancel notification for request id 1348
2026.02.16 19:15:41 INFO  no build target found for C:\Users\nelso\OneDrive\Desktop\HelpDesk\app-employee\src\main\java\io\github\nelsonsoria\helpdesk\Service\EmployeeServiceImpl.java. Using fallback presentation compiler.
2026.02.16 19:15:41 INFO  no build target found for C:\Users\nelso\OneDrive\Desktop\HelpDesk\app-employee\src\main\java\io\github\nelsonsoria\helpdesk\Service\EmployeeServiceImpl.java. Using fallback presentation compiler.
2026.02.16 19:15:41 INFO  no build target found for C:\Users\nelso\OneDrive\Desktop\HelpDesk\app-employee\src\main\java\io\github\nelsonsoria\helpdesk\Service\EmployeeServiceImpl.java. Using fallback presentation compiler.
2026.02.16 19:15:41 INFO  no build target found for C:\Users\nelso\OneDrive\Desktop\HelpDesk\app-employee\src\main\java\io\github\nelsonsoria\helpdesk\Service\EmployeeServiceImpl.java. Using fallback presentation compiler.
2026.02.16 19:15:41 INFO  no build target found for C:\Users\nelso\OneDrive\Desktop\HelpDesk\app-employee\src\main\java\io\github\nelsonsoria\helpdesk\Service\EmployeeServiceImpl.java. Using fallback presentation compiler.
2026.02.16 19:15:42 INFO  no build target found for C:\Users\nelso\OneDrive\Desktop\HelpDesk\app-employee\src\main\java\io\github\nelsonsoria\helpdesk\Service\EmployeeServiceImpl.java. Using fallback presentation compiler.
2026.02.16 19:15:45 INFO  no build target found for C:\Users\nelso\OneDrive\Desktop\HelpDesk\app-employee\src\main\java\io\github\nelsonsoria\helpdesk\Service\EmployeeServiceImpl.java. Using fallback presentation compiler.
2026.02.16 19:15:45 INFO  no build target found for C:\Users\nelso\OneDrive\Desktop\HelpDesk\app-employee\src\main\java\io\github\nelsonsoria\helpdesk\Service\EmployeeServiceImpl.java. Using fallback presentation compiler.
2026.02.16 19:15:45 INFO  no build target found for C:\Users\nelso\OneDrive\Desktop\HelpDesk\app-employee\src\main\java\io\github\nelsonsoria\helpdesk\Service\EmployeeServiceImpl.java. Using fallback presentation compiler.
2026.02.16 19:15:45 INFO  no build target found for C:\Users\nelso\OneDrive\Desktop\HelpDesk\app-employee\src\main\java\io\github\nelsonsoria\helpdesk\Service\EmployeeServiceImpl.java. Using fallback presentation compiler.
2026.02.16 19:15:45 INFO  no build target found for C:\Users\nelso\OneDrive\Desktop\HelpDesk\app-employee\src\main\java\io\github\nelsonsoria\helpdesk\Service\EmployeeServiceImpl.java. Using fallback presentation compiler.
2026.02.16 19:15:46 INFO  no build target found for C:\Users\nelso\OneDrive\Desktop\HelpDesk\app-employee\src\main\java\io\github\nelsonsoria\helpdesk\Service\EmployeeServiceImpl.java. Using fallback presentation compiler.
2026.02.16 19:15:47 INFO  no build target found for C:\Users\nelso\OneDrive\Desktop\HelpDesk\app-employee\src\main\java\io\github\nelsonsoria\helpdesk\Service\EmployeeServiceImpl.java. Using fallback presentation compiler.
2026.02.16 19:15:47 INFO  no build target found for C:\Users\nelso\OneDrive\Desktop\HelpDesk\app-employee\src\main\java\io\github\nelsonsoria\helpdesk\Service\EmployeeServiceImpl.java. Using fallback presentation compiler.
2026.02.16 19:15:47 INFO  no build target found for C:\Users\nelso\OneDrive\Desktop\HelpDesk\app-employee\src\main\java\io\github\nelsonsoria\helpdesk\Service\EmployeeServiceImpl.java. Using fallback presentation compiler.
2026.02.16 19:15:47 INFO  no build target found for C:\Users\nelso\OneDrive\Desktop\HelpDesk\app-employee\src\main\java\io\github\nelsonsoria\helpdesk\Service\EmployeeServiceImpl.java. Using fallback presentation compiler.
2026.02.16 19:15:47 INFO  no build target found for C:\Users\nelso\OneDrive\Desktop\HelpDesk\app-employee\src\main\java\io\github\nelsonsoria\helpdesk\Service\EmployeeServiceImpl.java. Using fallback presentation compiler.
2026.02.16 19:15:47 INFO  no build target found for C:\Users\nelso\OneDrive\Desktop\HelpDesk\app-employee\src\main\java\io\github\nelsonsoria\helpdesk\Service\EmployeeServiceImpl.java. Using fallback presentation compiler.
2026.02.16 19:15:48 INFO  no build target found for C:\Users\nelso\OneDrive\Desktop\HelpDesk\app-employee\src\main\java\io\github\nelsonsoria\helpdesk\Service\EmployeeServiceImpl.java. Using fallback presentation compiler.
2026.02.16 19:15:47 INFO  no build target found for C:\Users\nelso\OneDrive\Desktop\HelpDesk\app-employee\src\main\java\io\github\nelsonsoria\helpdesk\Service\EmployeeServiceImpl.java. Using fallback presentation compiler.
2026.02.16 19:15:48 INFO  no build target found for C:\Users\nelso\OneDrive\Desktop\HelpDesk\app-employee\src\main\java\io\github\nelsonsoria\helpdesk\Service\EmployeeServiceImpl.java. Using fallback presentation compiler.
2026.02.16 19:15:48 INFO  no build target found for C:\Users\nelso\OneDrive\Desktop\HelpDesk\app-employee\src\main\java\io\github\nelsonsoria\helpdesk\Service\EmployeeServiceImpl.java. Using fallback presentation compiler.
2026.02.16 19:15:48 INFO  no build target found for C:\Users\nelso\OneDrive\Desktop\HelpDesk\app-employee\src\main\java\io\github\nelsonsoria\helpdesk\Service\EmployeeServiceImpl.java. Using fallback presentation compiler.
2026.02.16 19:15:49 INFO  no build target found for C:\Users\nelso\OneDrive\Desktop\HelpDesk\app-employee\src\main\java\io\github\nelsonsoria\helpdesk\Service\EmployeeServiceImpl.java. Using fallback presentation compiler.
2026.02.16 19:15:48 INFO  no build target found for C:\Users\nelso\OneDrive\Desktop\HelpDesk\app-employee\src\main\java\io\github\nelsonsoria\helpdesk\Service\EmployeeServiceImpl.java. Using fallback presentation compiler.
2026.02.16 19:15:49 INFO  no build target found for C:\Users\nelso\OneDrive\Desktop\HelpDesk\app-employee\src\main\java\io\github\nelsonsoria\helpdesk\Service\EmployeeServiceImpl.java. Using fallback presentation compiler.
2026.02.16 19:15:49 INFO  no build target found for C:\Users\nelso\OneDrive\Desktop\HelpDesk\app-employee\src\main\java\io\github\nelsonsoria\helpdesk\Service\EmployeeServiceImpl.java. Using fallback presentation compiler.
2026.02.16 19:15:49 INFO  no build target found for C:\Users\nelso\OneDrive\Desktop\HelpDesk\app-employee\src\main\java\io\github\nelsonsoria\helpdesk\Service\EmployeeServiceImpl.java. Using fallback presentation compiler.
2026.02.16 19:15:49 INFO  no build target found for C:\Users\nelso\OneDrive\Desktop\HelpDesk\app-employee\src\main\java\io\github\nelsonsoria\helpdesk\Service\EmployeeServiceImpl.java. Using fallback presentation compiler.
2026.02.16 19:15:49 INFO  no build target found for C:\Users\nelso\OneDrive\Desktop\HelpDesk\app-employee\src\main\java\io\github\nelsonsoria\helpdesk\Service\EmployeeServiceImpl.java. Using fallback presentation compiler.
2026.02.16 19:15:49 INFO  no build target found for C:\Users\nelso\OneDrive\Desktop\HelpDesk\app-employee\src\main\java\io\github\nelsonsoria\helpdesk\Service\EmployeeServiceImpl.java. Using fallback presentation compiler.
2026.02.16 19:15:50 INFO  no build target found for C:\Users\nelso\OneDrive\Desktop\HelpDesk\app-employee\src\main\java\io\github\nelsonsoria\helpdesk\Service\EmployeeServiceImpl.java. Using fallback presentation compiler.
2026.02.16 19:15:50 INFO  no build target found for C:\Users\nelso\OneDrive\Desktop\HelpDesk\app-employee\src\main\java\io\github\nelsonsoria\helpdesk\Service\EmployeeServiceImpl.java. Using fallback presentation compiler.
2026.02.16 19:15:50 INFO  no build target found for C:\Users\nelso\OneDrive\Desktop\HelpDesk\app-employee\src\main\java\io\github\nelsonsoria\helpdesk\Service\EmployeeServiceImpl.java. Using fallback presentation compiler.
2026.02.16 19:15:50 INFO  no build target found for C:\Users\nelso\OneDrive\Desktop\HelpDesk\app-employee\src\main\java\io\github\nelsonsoria\helpdesk\Service\EmployeeServiceImpl.java. Using fallback presentation compiler.
2026.02.16 19:15:50 INFO  no build target found for C:\Users\nelso\OneDrive\Desktop\HelpDesk\app-employee\src\main\java\io\github\nelsonsoria\helpdesk\Service\EmployeeServiceImpl.java. Using fallback presentation compiler.
2026.02.16 19:15:51 INFO  no build target found for C:\Users\nelso\OneDrive\Desktop\HelpDesk\app-employee\src\main\java\io\github\nelsonsoria\helpdesk\Service\EmployeeServiceImpl.java. Using fallback presentation compiler.
2026.02.16 19:15:53 INFO  no build target found for C:\Users\nelso\OneDrive\Desktop\HelpDesk\app-employee\src\main\java\io\github\nelsonsoria\helpdesk\Service\EmployeeServiceImpl.java. Using fallback presentation compiler.
2026.02.16 19:15:53 INFO  no build target found for C:\Users\nelso\OneDrive\Desktop\HelpDesk\app-employee\src\main\java\io\github\nelsonsoria\helpdesk\Service\EmployeeServiceImpl.java. Using fallback presentation compiler.
2026.02.16 19:15:53 INFO  no build target found for C:\Users\nelso\OneDrive\Desktop\HelpDesk\app-employee\src\main\java\io\github\nelsonsoria\helpdesk\Service\EmployeeServiceImpl.java. Using fallback presentation compiler.
2026.02.16 19:15:53 INFO  no build target found for C:\Users\nelso\OneDrive\Desktop\HelpDesk\app-employee\src\main\java\io\github\nelsonsoria\helpdesk\Service\EmployeeServiceImpl.java. Using fallback presentation compiler.
2026.02.16 19:15:53 INFO  no build target found for C:\Users\nelso\OneDrive\Desktop\HelpDesk\app-employee\src\main\java\io\github\nelsonsoria\helpdesk\Service\EmployeeServiceImpl.java. Using fallback presentation compiler.
2026.02.16 19:15:54 INFO  no build target found for C:\Users\nelso\OneDrive\Desktop\HelpDesk\app-employee\src\main\java\io\github\nelsonsoria\helpdesk\Service\EmployeeServiceImpl.java. Using fallback presentation compiler.
2026.02.16 19:15:54 INFO  no build target found for C:\Users\nelso\OneDrive\Desktop\HelpDesk\app-employee\src\main\java\io\github\nelsonsoria\helpdesk\Service\EmployeeServiceImpl.java. Using fallback presentation compiler.
2026.02.16 19:15:54 INFO  no build target found for C:\Users\nelso\OneDrive\Desktop\HelpDesk\app-employee\src\main\java\io\github\nelsonsoria\helpdesk\Service\EmployeeServiceImpl.java. Using fallback presentation compiler.
2026.02.16 19:15:54 INFO  no build target found for C:\Users\nelso\OneDrive\Desktop\HelpDesk\app-employee\src\main\java\io\github\nelsonsoria\helpdesk\Service\EmployeeServiceImpl.java. Using fallback presentation compiler.
2026.02.16 19:15:54 INFO  no build target found for C:\Users\nelso\OneDrive\Desktop\HelpDesk\app-employee\src\main\java\io\github\nelsonsoria\helpdesk\Service\EmployeeServiceImpl.java. Using fallback presentation compiler.
2026.02.16 19:15:54 INFO  no build target found for C:\Users\nelso\OneDrive\Desktop\HelpDesk\app-employee\src\main\java\io\github\nelsonsoria\helpdesk\Service\EmployeeServiceImpl.java. Using fallback presentation compiler.
2026.02.16 19:15:54 INFO  no build target found for C:\Users\nelso\OneDrive\Desktop\HelpDesk\app-employee\src\main\java\io\github\nelsonsoria\helpdesk\Service\EmployeeServiceImpl.java. Using fallback presentation compiler.
2026.02.16 19:15:54 INFO  no build target found for C:\Users\nelso\OneDrive\Desktop\HelpDesk\app-employee\src\main\java\io\github\nelsonsoria\helpdesk\Service\EmployeeServiceImpl.java. Using fallback presentation compiler.
2026.02.16 19:15:54 INFO  no build target found for C:\Users\nelso\OneDrive\Desktop\HelpDesk\app-employee\src\main\java\io\github\nelsonsoria\helpdesk\Service\EmployeeServiceImpl.java. Using fallback presentation compiler.
2026.02.16 19:15:54 INFO  no build target found for C:\Users\nelso\OneDrive\Desktop\HelpDesk\app-employee\src\main\java\io\github\nelsonsoria\helpdesk\Service\EmployeeServiceImpl.java. Using fallback presentation compiler.
2026.02.16 19:15:54 INFO  no build target found for C:\Users\nelso\OneDrive\Desktop\HelpDesk\app-employee\src\main\java\io\github\nelsonsoria\helpdesk\Service\EmployeeServiceImpl.java. Using fallback presentation compiler.
2026.02.16 19:15:54 INFO  no build target found for C:\Users\nelso\OneDrive\Desktop\HelpDesk\app-employee\src\main\java\io\github\nelsonsoria\helpdesk\Service\EmployeeServiceImpl.java. Using fallback presentation compiler.
2026.02.16 19:15:54 INFO  no build target found for C:\Users\nelso\OneDrive\Desktop\HelpDesk\app-employee\src\main\java\io\github\nelsonsoria\helpdesk\Service\EmployeeServiceImpl.java. Using fallback presentation compiler.
2026.02.16 19:15:55 INFO  no build target found for C:\Users\nelso\OneDrive\Desktop\HelpDesk\app-employee\src\main\java\io\github\nelsonsoria\helpdesk\Service\EmployeeServiceImpl.java. Using fallback presentation compiler.
2026.02.16 19:15:55 INFO  no build target found for C:\Users\nelso\OneDrive\Desktop\HelpDesk\app-employee\src\main\java\io\github\nelsonsoria\helpdesk\Service\EmployeeServiceImpl.java. Using fallback presentation compiler.
2026.02.16 19:15:57 INFO  no build target found for C:\Users\nelso\OneDrive\Desktop\HelpDesk\app-employee\src\main\java\io\github\nelsonsoria\helpdesk\Service\EmployeeServiceImpl.java. Using fallback presentation compiler.
2026.02.16 19:15:57 INFO  no build target found for C:\Users\nelso\OneDrive\Desktop\HelpDesk\app-employee\src\main\java\io\github\nelsonsoria\helpdesk\Service\EmployeeServiceImpl.java. Using fallback presentation compiler.
2026.02.16 19:15:57 INFO  no build target found for C:\Users\nelso\OneDrive\Desktop\HelpDesk\app-employee\src\main\java\io\github\nelsonsoria\helpdesk\Service\EmployeeServiceImpl.java. Using fallback presentation compiler.
2026.02.16 19:15:57 INFO  no build target found for C:\Users\nelso\OneDrive\Desktop\HelpDesk\app-employee\src\main\java\io\github\nelsonsoria\helpdesk\Service\EmployeeServiceImpl.java. Using fallback presentation compiler.
2026.02.16 19:15:57 INFO  no build target found for C:\Users\nelso\OneDrive\Desktop\HelpDesk\app-employee\src\main\java\io\github\nelsonsoria\helpdesk\Service\EmployeeServiceImpl.java. Using fallback presentation compiler.
2026.02.16 19:15:58 INFO  no build target found for C:\Users\nelso\OneDrive\Desktop\HelpDesk\app-employee\src\main\java\io\github\nelsonsoria\helpdesk\Service\EmployeeServiceImpl.java. Using fallback presentation compiler.
2026.02.16 19:15:58 INFO  no build target found for C:\Users\nelso\OneDrive\Desktop\HelpDesk\app-employee\src\main\java\io\github\nelsonsoria\helpdesk\Service\EmployeeServiceImpl.java. Using fallback presentation compiler.
2026.02.16 19:15:58 INFO  no build target found for C:\Users\nelso\OneDrive\Desktop\HelpDesk\app-employee\src\main\java\io\github\nelsonsoria\helpdesk\Service\EmployeeServiceImpl.java. Using fallback presentation compiler.
2026.02.16 19:15:58 INFO  no build target found for C:\Users\nelso\OneDrive\Desktop\HelpDesk\app-employee\src\main\java\io\github\nelsonsoria\helpdesk\Service\EmployeeServiceImpl.java. Using fallback presentation compiler.
2026.02.16 19:15:58 INFO  no build target found for C:\Users\nelso\OneDrive\Desktop\HelpDesk\app-employee\src\main\java\io\github\nelsonsoria\helpdesk\Service\EmployeeServiceImpl.java. Using fallback presentation compiler.
2026.02.16 19:15:59 INFO  no build target found for C:\Users\nelso\OneDrive\Desktop\HelpDesk\app-employee\src\main\java\io\github\nelsonsoria\helpdesk\Service\EmployeeServiceImpl.java. Using fallback presentation compiler.
2026.02.16 19:15:59 INFO  no build target found for C:\Users\nelso\OneDrive\Desktop\HelpDesk\app-employee\src\main\java\io\github\nelsonsoria\helpdesk\Service\EmployeeServiceImpl.java. Using fallback presentation compiler.
2026.02.16 19:15:59 INFO  no build target found for C:\Users\nelso\OneDrive\Desktop\HelpDesk\app-employee\src\main\java\io\github\nelsonsoria\helpdesk\Service\EmployeeServiceImpl.java. Using fallback presentation compiler.
2026.02.16 19:15:59 INFO  no build target found for C:\Users\nelso\OneDrive\Desktop\HelpDesk\app-employee\src\main\java\io\github\nelsonsoria\helpdesk\Service\EmployeeServiceImpl.java. Using fallback presentation compiler.
2026.02.16 19:16:00 INFO  no build target found for C:\Users\nelso\OneDrive\Desktop\HelpDesk\app-employee\src\main\java\io\github\nelsonsoria\helpdesk\Service\EmployeeServiceImpl.java. Using fallback presentation compiler.
2026.02.16 19:15:59 INFO  no build target found for C:\Users\nelso\OneDrive\Desktop\HelpDesk\app-employee\src\main\java\io\github\nelsonsoria\helpdesk\Service\EmployeeServiceImpl.java. Using fallback presentation compiler.
2026.02.16 19:15:59 INFO  no build target found for C:\Users\nelso\OneDrive\Desktop\HelpDesk\app-employee\src\main\java\io\github\nelsonsoria\helpdesk\Service\EmployeeServiceImpl.java. Using fallback presentation compiler.
2026.02.16 19:16:00 INFO  no build target found for C:\Users\nelso\OneDrive\Desktop\HelpDesk\app-employee\src\main\java\io\github\nelsonsoria\helpdesk\Service\EmployeeServiceImpl.java. Using fallback presentation compiler.
2026.02.16 19:16:00 INFO  no build target found for C:\Users\nelso\OneDrive\Desktop\HelpDesk\app-employee\src\main\java\io\github\nelsonsoria\helpdesk\Service\EmployeeServiceImpl.java. Using fallback presentation compiler.
2026.02.16 19:16:00 INFO  no build target found for C:\Users\nelso\OneDrive\Desktop\HelpDesk\app-employee\src\main\java\io\github\nelsonsoria\helpdesk\Service\EmployeeServiceImpl.java. Using fallback presentation compiler.
2026.02.16 19:16:00 INFO  no build target found for C:\Users\nelso\OneDrive\Desktop\HelpDesk\app-employee\src\main\java\io\github\nelsonsoria\helpdesk\Service\EmployeeServiceImpl.java. Using fallback presentation compiler.
2026.02.16 19:16:00 INFO  no build target found for C:\Users\nelso\OneDrive\Desktop\HelpDesk\app-employee\src\main\java\io\github\nelsonsoria\helpdesk\Service\EmployeeServiceImpl.java. Using fallback presentation compiler.
2026.02.16 19:16:01 INFO  no build target found for C:\Users\nelso\OneDrive\Desktop\HelpDesk\app-employee\src\main\java\io\github\nelsonsoria\helpdesk\Service\EmployeeServiceImpl.java. Using fallback presentation compiler.
2026.02.16 19:16:00 INFO  no build target found for C:\Users\nelso\OneDrive\Desktop\HelpDesk\app-employee\src\main\java\io\github\nelsonsoria\helpdesk\Service\EmployeeServiceImpl.java. Using fallback presentation compiler.
2026.02.16 19:16:00 INFO  no build target found for C:\Users\nelso\OneDrive\Desktop\HelpDesk\app-employee\src\main\java\io\github\nelsonsoria\helpdesk\Service\EmployeeServiceImpl.java. Using fallback presentation compiler.
2026.02.16 19:16:01 INFO  no build target found for C:\Users\nelso\OneDrive\Desktop\HelpDesk\app-employee\src\main\java\io\github\nelsonsoria\helpdesk\Service\EmployeeServiceImpl.java. Using fallback presentation compiler.
2026.02.16 19:16:01 INFO  no build target found for C:\Users\nelso\OneDrive\Desktop\HelpDesk\app-employee\src\main\java\io\github\nelsonsoria\helpdesk\Service\EmployeeServiceImpl.java. Using fallback presentation compiler.
2026.02.16 19:16:01 INFO  no build target found for C:\Users\nelso\OneDrive\Desktop\HelpDesk\app-employee\src\main\java\io\github\nelsonsoria\helpdesk\Service\EmployeeServiceImpl.java. Using fallback presentation compiler.
2026.02.16 19:16:02 INFO  no build target found for C:\Users\nelso\OneDrive\Desktop\HelpDesk\app-employee\src\main\java\io\github\nelsonsoria\helpdesk\Service\EmployeeServiceImpl.java. Using fallback presentation compiler.
2026.02.16 19:16:02 INFO  no build target found for C:\Users\nelso\OneDrive\Desktop\HelpDesk\app-employee\src\main\java\io\github\nelsonsoria\helpdesk\Service\EmployeeServiceImpl.java. Using fallback presentation compiler.
2026.02.16 19:16:03 INFO  no build target found for C:\Users\nelso\OneDrive\Desktop\HelpDesk\app-employee\src\main\java\io\github\nelsonsoria\helpdesk\Service\EmployeeServiceImpl.java. Using fallback presentation compiler.
2026.02.16 19:16:02 INFO  no build target found for C:\Users\nelso\OneDrive\Desktop\HelpDesk\app-employee\src\main\java\io\github\nelsonsoria\helpdesk\Service\EmployeeServiceImpl.java. Using fallback presentation compiler.
2026.02.16 19:16:02 INFO  no build target found for C:\Users\nelso\OneDrive\Desktop\HelpDesk\app-employee\src\main\java\io\github\nelsonsoria\helpdesk\Service\EmployeeServiceImpl.java. Using fallback presentation compiler.
2026.02.16 19:16:02 INFO  no build target found for C:\Users\nelso\OneDrive\Desktop\HelpDesk\app-employee\src\main\java\io\github\nelsonsoria\helpdesk\Service\EmployeeServiceImpl.java. Using fallback presentation compiler.
2026.02.16 19:16:03 INFO  no build target found for C:\Users\nelso\OneDrive\Desktop\HelpDesk\app-employee\src\main\java\io\github\nelsonsoria\helpdesk\Service\EmployeeServiceImpl.java. Using fallback presentation compiler.
2026.02.16 19:16:04 INFO  no build target found for C:\Users\nelso\OneDrive\Desktop\HelpDesk\app-employee\src\main\java\io\github\nelsonsoria\helpdesk\Service\EmployeeServiceImpl.java. Using fallback presentation compiler.
2026.02.16 19:16:04 INFO  no build target found for C:\Users\nelso\OneDrive\Desktop\HelpDesk\app-employee\src\main\java\io\github\nelsonsoria\helpdesk\Service\EmployeeServiceImpl.java. Using fallback presentation compiler.
2026.02.16 19:16:04 INFO  no build target found for C:\Users\nelso\OneDrive\Desktop\HelpDesk\app-employee\src\main\java\io\github\nelsonsoria\helpdesk\Service\EmployeeServiceImpl.java. Using fallback presentation compiler.
2026.02.16 19:16:04 INFO  no build target found for C:\Users\nelso\OneDrive\Desktop\HelpDesk\app-employee\src\main\java\io\github\nelsonsoria\helpdesk\Service\EmployeeServiceImpl.java. Using fallback presentation compiler.
2026.02.16 19:16:04 INFO  no build target found for C:\Users\nelso\OneDrive\Desktop\HelpDesk\app-employee\src\main\java\io\github\nelsonsoria\helpdesk\Service\EmployeeServiceImpl.java. Using fallback presentation compiler.
2026.02.16 19:16:04 INFO  no build target found for C:\Users\nelso\OneDrive\Desktop\HelpDesk\app-employee\src\main\java\io\github\nelsonsoria\helpdesk\Service\EmployeeServiceImpl.java. Using fallback presentation compiler.
2026.02.16 19:16:04 INFO  no build target found for C:\Users\nelso\OneDrive\Desktop\HelpDesk\app-employee\src\main\java\io\github\nelsonsoria\helpdesk\Service\EmployeeServiceImpl.java. Using fallback presentation compiler.
2026.02.16 19:16:05 INFO  no build target found for C:\Users\nelso\OneDrive\Desktop\HelpDesk\app-employee\src\main\java\io\github\nelsonsoria\helpdesk\Service\EmployeeServiceImpl.java. Using fallback presentation compiler.
2026.02.16 19:16:05 INFO  no build target found for C:\Users\nelso\OneDrive\Desktop\HelpDesk\app-employee\src\main\java\io\github\nelsonsoria\helpdesk\Service\EmployeeServiceImpl.java. Using fallback presentation compiler.
2026.02.16 19:16:05 INFO  no build target found for C:\Users\nelso\OneDrive\Desktop\HelpDesk\app-employee\src\main\java\io\github\nelsonsoria\helpdesk\Service\EmployeeServiceImpl.java. Using fallback presentation compiler.
2026.02.16 19:16:05 INFO  no build target found for C:\Users\nelso\OneDrive\Desktop\HelpDesk\app-employee\src\main\java\io\github\nelsonsoria\helpdesk\Service\EmployeeServiceImpl.java. Using fallback presentation compiler.
2026.02.16 19:16:05 INFO  no build target found for C:\Users\nelso\OneDrive\Desktop\HelpDesk\app-employee\src\main\java\io\github\nelsonsoria\helpdesk\Service\EmployeeServiceImpl.java. Using fallback presentation compiler.
2026.02.16 19:16:06 INFO  no build target found for C:\Users\nelso\OneDrive\Desktop\HelpDesk\app-employee\src\main\java\io\github\nelsonsoria\helpdesk\Service\EmployeeServiceImpl.java. Using fallback presentation compiler.
2026.02.16 19:16:06 INFO  no build target found for C:\Users\nelso\OneDrive\Desktop\HelpDesk\app-employee\src\main\java\io\github\nelsonsoria\helpdesk\Service\EmployeeServiceImpl.java. Using fallback presentation compiler.
2026.02.16 19:16:06 INFO  no build target found for C:\Users\nelso\OneDrive\Desktop\HelpDesk\app-employee\src\main\java\io\github\nelsonsoria\helpdesk\Service\EmployeeServiceImpl.java. Using fallback presentation compiler.
2026.02.16 19:16:06 INFO  no build target found for C:\Users\nelso\OneDrive\Desktop\HelpDesk\app-employee\src\main\java\io\github\nelsonsoria\helpdesk\Service\EmployeeServiceImpl.java. Using fallback presentation compiler.
2026.02.16 19:16:06 INFO  no build target found for C:\Users\nelso\OneDrive\Desktop\HelpDesk\app-employee\src\main\java\io\github\nelsonsoria\helpdesk\Service\EmployeeServiceImpl.java. Using fallback presentation compiler.
2026.02.16 19:16:06 INFO  no build target found for C:\Users\nelso\OneDrive\Desktop\HelpDesk\app-employee\src\main\java\io\github\nelsonsoria\helpdesk\Service\EmployeeServiceImpl.java. Using fallback presentation compiler.
2026.02.16 19:16:07 INFO  no build target found for C:\Users\nelso\OneDrive\Desktop\HelpDesk\app-employee\src\main\java\io\github\nelsonsoria\helpdesk\Service\EmployeeServiceImpl.java. Using fallback presentation compiler.
2026.02.16 19:16:07 INFO  no build target found for C:\Users\nelso\OneDrive\Desktop\HelpDesk\app-employee\src\main\java\io\github\nelsonsoria\helpdesk\Service\EmployeeServiceImpl.java. Using fallback presentation compiler.
2026.02.16 19:16:07 INFO  no build target found for C:\Users\nelso\OneDrive\Desktop\HelpDesk\app-employee\src\main\java\io\github\nelsonsoria\helpdesk\Service\EmployeeServiceImpl.java. Using fallback presentation compiler.
2026.02.16 19:16:07 INFO  no build target found for C:\Users\nelso\OneDrive\Desktop\HelpDesk\app-employee\src\main\java\io\github\nelsonsoria\helpdesk\Service\EmployeeServiceImpl.java. Using fallback presentation compiler.
2026.02.16 19:16:07 INFO  no build target found for C:\Users\nelso\OneDrive\Desktop\HelpDesk\app-employee\src\main\java\io\github\nelsonsoria\helpdesk\Service\EmployeeServiceImpl.java. Using fallback presentation compiler.
2026.02.16 19:16:09 INFO  no build target found for C:\Users\nelso\OneDrive\Desktop\HelpDesk\app-employee\src\main\java\io\github\nelsonsoria\helpdesk\Service\EmployeeServiceImpl.java. Using fallback presentation compiler.
2026.02.16 19:16:09 INFO  no build target found for C:\Users\nelso\OneDrive\Desktop\HelpDesk\app-employee\src\main\java\io\github\nelsonsoria\helpdesk\Service\EmployeeServiceImpl.java. Using fallback presentation compiler.
2026.02.16 19:16:09 INFO  no build target found for C:\Users\nelso\OneDrive\Desktop\HelpDesk\app-employee\src\main\java\io\github\nelsonsoria\helpdesk\Service\EmployeeServiceImpl.java. Using fallback presentation compiler.
2026.02.16 19:16:09 INFO  no build target found for C:\Users\nelso\OneDrive\Desktop\HelpDesk\app-employee\src\main\java\io\github\nelsonsoria\helpdesk\Service\EmployeeServiceImpl.java. Using fallback presentation compiler.
2026.02.16 19:16:09 INFO  no build target found for C:\Users\nelso\OneDrive\Desktop\HelpDesk\app-employee\src\main\java\io\github\nelsonsoria\helpdesk\Service\EmployeeServiceImpl.java. Using fallback presentation compiler.
2026.02.16 19:16:09 INFO  no build target found for C:\Users\nelso\OneDrive\Desktop\HelpDesk\app-employee\src\main\java\io\github\nelsonsoria\helpdesk\Service\EmployeeServiceImpl.java. Using fallback presentation compiler.
2026.02.16 19:16:09 INFO  no build target found for C:\Users\nelso\OneDrive\Desktop\HelpDesk\app-employee\src\main\java\io\github\nelsonsoria\helpdesk\Service\EmployeeServiceImpl.java. Using fallback presentation compiler.
2026.02.16 19:16:10 INFO  no build target found for C:\Users\nelso\OneDrive\Desktop\HelpDesk\app-employee\src\main\java\io\github\nelsonsoria\helpdesk\Service\EmployeeServiceImpl.java. Using fallback presentation compiler.
2026.02.16 19:16:09 INFO  no build target found for C:\Users\nelso\OneDrive\Desktop\HelpDesk\app-employee\src\main\java\io\github\nelsonsoria\helpdesk\Service\EmployeeServiceImpl.java. Using fallback presentation compiler.
2026.02.16 19:16:10 INFO  no build target found for C:\Users\nelso\OneDrive\Desktop\HelpDesk\app-employee\src\main\java\io\github\nelsonsoria\helpdesk\Service\EmployeeServiceImpl.java. Using fallback presentation compiler.
2026.02.16 19:16:10 INFO  no build target found for C:\Users\nelso\OneDrive\Desktop\HelpDesk\app-employee\src\main\java\io\github\nelsonsoria\helpdesk\Service\EmployeeServiceImpl.java. Using fallback presentation compiler.
2026.02.16 19:16:09 INFO  no build target found for C:\Users\nelso\OneDrive\Desktop\HelpDesk\app-employee\src\main\java\io\github\nelsonsoria\helpdesk\Service\EmployeeServiceImpl.java. Using fallback presentation compiler.
2026.02.16 19:16:10 INFO  no build target found for C:\Users\nelso\OneDrive\Desktop\HelpDesk\app-employee\src\main\java\io\github\nelsonsoria\helpdesk\Service\EmployeeServiceImpl.java. Using fallback presentation compiler.
2026.02.16 19:16:10 INFO  no build target found for C:\Users\nelso\OneDrive\Desktop\HelpDesk\app-employee\src\main\java\io\github\nelsonsoria\helpdesk\Service\EmployeeServiceImpl.java. Using fallback presentation compiler.
2026.02.16 19:16:10 INFO  no build target found for C:\Users\nelso\OneDrive\Desktop\HelpDesk\app-employee\src\main\java\io\github\nelsonsoria\helpdesk\Service\EmployeeServiceImpl.java. Using fallback presentation compiler.
2026.02.16 19:16:10 INFO  no build target found for C:\Users\nelso\OneDrive\Desktop\HelpDesk\app-employee\src\main\java\io\github\nelsonsoria\helpdesk\Service\EmployeeServiceImpl.java. Using fallback presentation compiler.
2026.02.16 19:16:11 INFO  no build target found for C:\Users\nelso\OneDrive\Desktop\HelpDesk\app-employee\src\main\java\io\github\nelsonsoria\helpdesk\Service\EmployeeServiceImpl.java. Using fallback presentation compiler.
2026.02.16 19:16:10 INFO  no build target found for C:\Users\nelso\OneDrive\Desktop\HelpDesk\app-employee\src\main\java\io\github\nelsonsoria\helpdesk\Service\EmployeeServiceImpl.java. Using fallback presentation compiler.
2026.02.16 19:16:10 INFO  no build target found for C:\Users\nelso\OneDrive\Desktop\HelpDesk\app-employee\src\main\java\io\github\nelsonsoria\helpdesk\Service\EmployeeServiceImpl.java. Using fallback presentation compiler.
2026.02.16 19:16:11 INFO  no build target found for C:\Users\nelso\OneDrive\Desktop\HelpDesk\app-employee\src\main\java\io\github\nelsonsoria\helpdesk\Service\EmployeeServiceImpl.java. Using fallback presentation compiler.
2026.02.16 19:16:11 INFO  no build target found for C:\Users\nelso\OneDrive\Desktop\HelpDesk\app-employee\src\main\java\io\github\nelsonsoria\helpdesk\Service\EmployeeServiceImpl.java. Using fallback presentation compiler.
2026.02.16 19:16:11 INFO  no build target found for C:\Users\nelso\OneDrive\Desktop\HelpDesk\app-employee\src\main\java\io\github\nelsonsoria\helpdesk\Service\EmployeeServiceImpl.java. Using fallback presentation compiler.
2026.02.16 19:16:11 INFO  no build target found for C:\Users\nelso\OneDrive\Desktop\HelpDesk\app-employee\src\main\java\io\github\nelsonsoria\helpdesk\Service\EmployeeServiceImpl.java. Using fallback presentation compiler.
2026.02.16 19:16:11 INFO  no build target found for C:\Users\nelso\OneDrive\Desktop\HelpDesk\app-employee\src\main\java\io\github\nelsonsoria\helpdesk\Service\EmployeeServiceImpl.java. Using fallback presentation compiler.
2026.02.16 19:16:11 INFO  no build target found for C:\Users\nelso\OneDrive\Desktop\HelpDesk\app-employee\src\main\java\io\github\nelsonsoria\helpdesk\Service\EmployeeServiceImpl.java. Using fallback presentation compiler.
2026.02.16 19:16:12 INFO  no build target found for C:\Users\nelso\OneDrive\Desktop\HelpDesk\app-employee\src\main\java\io\github\nelsonsoria\helpdesk\Service\EmployeeServiceImpl.java. Using fallback presentation compiler.
2026.02.16 19:16:11 INFO  no build target found for C:\Users\nelso\OneDrive\Desktop\HelpDesk\app-employee\src\main\java\io\github\nelsonsoria\helpdesk\Service\EmployeeServiceImpl.java. Using fallback presentation compiler.
2026.02.16 19:16:12 INFO  no build target found for C:\Users\nelso\OneDrive\Desktop\HelpDesk\app-employee\src\main\java\io\github\nelsonsoria\helpdesk\Service\EmployeeServiceImpl.java. Using fallback presentation compiler.
2026.02.16 19:16:12 INFO  no build target found for C:\Users\nelso\OneDrive\Desktop\HelpDesk\app-employee\src\main\java\io\github\nelsonsoria\helpdesk\Service\EmployeeServiceImpl.java. Using fallback presentation compiler.
2026.02.16 19:16:12 INFO  no build target found for C:\Users\nelso\OneDrive\Desktop\HelpDesk\app-employee\src\main\java\io\github\nelsonsoria\helpdesk\Service\EmployeeServiceImpl.java. Using fallback presentation compiler.
2026.02.16 19:16:12 INFO  no build target found for C:\Users\nelso\OneDrive\Desktop\HelpDesk\app-employee\src\main\java\io\github\nelsonsoria\helpdesk\Service\EmployeeServiceImpl.java. Using fallback presentation compiler.
2026.02.16 19:16:12 INFO  no build target found for C:\Users\nelso\OneDrive\Desktop\HelpDesk\app-employee\src\main\java\io\github\nelsonsoria\helpdesk\Service\EmployeeServiceImpl.java. Using fallback presentation compiler.
2026.02.16 19:16:14 INFO  no build target found for C:\Users\nelso\OneDrive\Desktop\HelpDesk\app-employee\src\main\java\io\github\nelsonsoria\helpdesk\Service\EmployeeServiceImpl.java. Using fallback presentation compiler.
2026.02.16 19:16:14 INFO  no build target found for C:\Users\nelso\OneDrive\Desktop\HelpDesk\app-employee\src\main\java\io\github\nelsonsoria\helpdesk\Service\EmployeeServiceImpl.java. Using fallback presentation compiler.
2026.02.16 19:16:14 INFO  no build target found for C:\Users\nelso\OneDrive\Desktop\HelpDesk\app-employee\src\main\java\io\github\nelsonsoria\helpdesk\Service\EmployeeServiceImpl.java. Using fallback presentation compiler.
2026.02.16 19:16:15 INFO  no build target found for C:\Users\nelso\OneDrive\Desktop\HelpDesk\app-employee\src\main\java\io\github\nelsonsoria\helpdesk\Service\EmployeeServiceImpl.java. Using fallback presentation compiler.
2026.02.16 19:16:14 INFO  no build target found for C:\Users\nelso\OneDrive\Desktop\HelpDesk\app-employee\src\main\java\io\github\nelsonsoria\helpdesk\Service\EmployeeServiceImpl.java. Using fallback presentation compiler.
2026.02.16 19:16:16 INFO  no build target found for C:\Users\nelso\OneDrive\Desktop\HelpDesk\app-employee\src\main\java\io\github\nelsonsoria\helpdesk\Service\EmployeeServiceImpl.java. Using fallback presentation compiler.
2026.02.16 19:16:16 INFO  no build target found for C:\Users\nelso\OneDrive\Desktop\HelpDesk\app-employee\src\main\java\io\github\nelsonsoria\helpdesk\Service\EmployeeServiceImpl.java. Using fallback presentation compiler.
2026.02.16 19:16:16 INFO  no build target found for C:\Users\nelso\OneDrive\Desktop\HelpDesk\app-employee\src\main\java\io\github\nelsonsoria\helpdesk\Service\EmployeeServiceImpl.java. Using fallback presentation compiler.
2026.02.16 19:16:17 INFO  no build target found for C:\Users\nelso\OneDrive\Desktop\HelpDesk\app-employee\src\main\java\io\github\nelsonsoria\helpdesk\Service\EmployeeServiceImpl.java. Using fallback presentation compiler.
2026.02.16 19:16:17 INFO  no build target found for C:\Users\nelso\OneDrive\Desktop\HelpDesk\app-employee\src\main\java\io\github\nelsonsoria\helpdesk\Service\EmployeeServiceImpl.java. Using fallback presentation compiler.
2026.02.16 19:16:17 INFO  no build target found for C:\Users\nelso\OneDrive\Desktop\HelpDesk\app-employee\src\main\java\io\github\nelsonsoria\helpdesk\Service\EmployeeServiceImpl.java. Using fallback presentation compiler.
2026.02.16 19:16:17 INFO  no build target found for C:\Users\nelso\OneDrive\Desktop\HelpDesk\app-employee\src\main\java\io\github\nelsonsoria\helpdesk\Service\EmployeeServiceImpl.java. Using fallback presentation compiler.
2026.02.16 19:16:18 INFO  no build target found for C:\Users\nelso\OneDrive\Desktop\HelpDesk\app-employee\src\main\java\io\github\nelsonsoria\helpdesk\Service\EmployeeServiceImpl.java. Using fallback presentation compiler.
2026.02.16 19:16:17 INFO  no build target found for C:\Users\nelso\OneDrive\Desktop\HelpDesk\app-employee\src\main\java\io\github\nelsonsoria\helpdesk\Service\EmployeeServiceImpl.java. Using fallback presentation compiler.
2026.02.16 19:16:19 INFO  no build target found for C:\Users\nelso\OneDrive\Desktop\HelpDesk\app-employee\src\main\java\io\github\nelsonsoria\helpdesk\Service\EmployeeServiceImpl.java. Using fallback presentation compiler.
2026.02.16 19:16:19 INFO  no build target found for C:\Users\nelso\OneDrive\Desktop\HelpDesk\app-employee\src\main\java\io\github\nelsonsoria\helpdesk\Service\EmployeeServiceImpl.java. Using fallback presentation compiler.
2026.02.16 19:16:19 INFO  no build target found for C:\Users\nelso\OneDrive\Desktop\HelpDesk\app-employee\src\main\java\io\github\nelsonsoria\helpdesk\Service\EmployeeServiceImpl.java. Using fallback presentation compiler.
2026.02.16 19:16:19 INFO  no build target found for C:\Users\nelso\OneDrive\Desktop\HelpDesk\app-employee\src\main\java\io\github\nelsonsoria\helpdesk\Service\EmployeeServiceImpl.java. Using fallback presentation compiler.
2026.02.16 19:16:19 INFO  no build target found for C:\Users\nelso\OneDrive\Desktop\HelpDesk\app-employee\src\main\java\io\github\nelsonsoria\helpdesk\Service\EmployeeServiceImpl.java. Using fallback presentation compiler.
2026.02.16 19:16:20 INFO  no build target found for C:\Users\nelso\OneDrive\Desktop\HelpDesk\app-employee\src\main\java\io\github\nelsonsoria\helpdesk\Service\EmployeeServiceImpl.java. Using fallback presentation compiler.
2026.02.16 19:16:25 INFO  no build target found for C:\Users\nelso\OneDrive\Desktop\HelpDesk\app-employee\src\main\java\io\github\nelsonsoria\helpdesk\Service\EmployeeServiceImpl.java. Using fallback presentation compiler.
2026.02.16 19:16:42 WARN  no build target for: C:\Users\nelso\OneDrive\Desktop\HelpDesk\app-employee\src\main\java\io\github\nelsonsoria\helpdesk\Service\IEmployeeService.java
2026.02.16 19:16:42 INFO  no build target found for C:\Users\nelso\OneDrive\Desktop\HelpDesk\app-employee\src\main\java\io\github\nelsonsoria\helpdesk\Service\IEmployeeService.java. Using fallback presentation compiler.
2026.02.16 19:16:42 INFO  no build target found for C:\Users\nelso\OneDrive\Desktop\HelpDesk\app-employee\src\main\java\io\github\nelsonsoria\helpdesk\Service\IEmployeeService.java. Using fallback presentation compiler.
2026.02.16 19:16:42 INFO  no build target found for C:\Users\nelso\OneDrive\Desktop\HelpDesk\app-employee\src\main\java\io\github\nelsonsoria\helpdesk\Service\IEmployeeService.java. Using fallback presentation compiler.
2026.02.16 19:16:42 INFO  no build target found for C:\Users\nelso\OneDrive\Desktop\HelpDesk\app-employee\src\main\java\io\github\nelsonsoria\helpdesk\Service\IEmployeeService.java. Using fallback presentation compiler.
2026.02.16 19:16:43 WARN  no build target for: C:\Users\nelso\OneDrive\Desktop\HelpDesk\app-employee\src\main\java\io\github\nelsonsoria\helpdesk\Service\EmployeeServiceImpl.java
2026.02.16 19:16:43 INFO  no build target found for C:\Users\nelso\OneDrive\Desktop\HelpDesk\app-employee\src\main\java\io\github\nelsonsoria\helpdesk\Service\EmployeeServiceImpl.java. Using fallback presentation compiler.
2026.02.16 19:16:43 INFO  no build target found for C:\Users\nelso\OneDrive\Desktop\HelpDesk\app-employee\src\main\java\io\github\nelsonsoria\helpdesk\Service\EmployeeServiceImpl.java. Using fallback presentation compiler.
2026.02.16 19:16:43 INFO  no build target found for C:\Users\nelso\OneDrive\Desktop\HelpDesk\app-employee\src\main\java\io\github\nelsonsoria\helpdesk\Service\EmployeeServiceImpl.java. Using fallback presentation compiler.
2026.02.16 19:16:44 WARN  no build target for: C:\Users\nelso\OneDrive\Desktop\HelpDesk\app-employee\src\main\java\io\github\nelsonsoria\helpdesk\Service\IEmployeeService.java
2026.02.16 19:16:43 INFO  no build target found for C:\Users\nelso\OneDrive\Desktop\HelpDesk\app-employee\src\main\java\io\github\nelsonsoria\helpdesk\Service\IEmployeeService.java. Using fallback presentation compiler.
2026.02.16 19:16:43 INFO  no build target found for C:\Users\nelso\OneDrive\Desktop\HelpDesk\app-employee\src\main\java\io\github\nelsonsoria\helpdesk\Service\IEmployeeService.java. Using fallback presentation compiler.
2026.02.16 19:16:43 INFO  no build target found for C:\Users\nelso\OneDrive\Desktop\HelpDesk\app-employee\src\main\java\io\github\nelsonsoria\helpdesk\Service\IEmployeeService.java. Using fallback presentation compiler.
2026.02.16 19:16:43 INFO  no build target found for C:\Users\nelso\OneDrive\Desktop\HelpDesk\app-employee\src\main\java\io\github\nelsonsoria\helpdesk\EmployeeLifecycle.java. Using fallback presentation compiler.
2026.02.16 19:16:44 INFO  no build target found for C:\Users\nelso\OneDrive\Desktop\HelpDesk\app-employee\src\main\java\io\github\nelsonsoria\helpdesk\EmployeeLifecycle.java. Using fallback presentation compiler.
2026.02.16 19:16:48 WARN  no build target for: C:\Users\nelso\OneDrive\Desktop\HelpDesk\app-employee\src\main\java\io\github\nelsonsoria\helpdesk\restcontroller\EmployeeRest.java
2026.02.16 19:16:48 INFO  no build target found for C:\Users\nelso\OneDrive\Desktop\HelpDesk\app-employee\src\main\java\io\github\nelsonsoria\helpdesk\restcontroller\EmployeeRest.java. Using fallback presentation compiler.
2026.02.16 19:16:48 INFO  no build target found for C:\Users\nelso\OneDrive\Desktop\HelpDesk\app-employee\src\main\java\io\github\nelsonsoria\helpdesk\restcontroller\EmployeeRest.java. Using fallback presentation compiler.
2026.02.16 19:16:49 INFO  no build target found for C:\Users\nelso\OneDrive\Desktop\HelpDesk\app-employee\src\main\java\io\github\nelsonsoria\helpdesk\restcontroller\EmployeeRest.java. Using fallback presentation compiler.
2026.02.16 19:16:51 INFO  no build target found for C:\Users\nelso\OneDrive\Desktop\HelpDesk\app-employee\src\main\java\io\github\nelsonsoria\helpdesk\restcontroller\EmployeeRest.java. Using fallback presentation compiler.
2026.02.16 19:16:51 INFO  no build target found for C:\Users\nelso\OneDrive\Desktop\HelpDesk\app-employee\src\main\java\io\github\nelsonsoria\helpdesk\restcontroller\EmployeeRest.java. Using fallback presentation compiler.
2026.02.16 19:16:51 INFO  no build target found for C:\Users\nelso\OneDrive\Desktop\HelpDesk\app-employee\src\main\java\io\github\nelsonsoria\helpdesk\restcontroller\EmployeeRest.java. Using fallback presentation compiler.
2026.02.16 19:16:51 INFO  no build target found for C:\Users\nelso\OneDrive\Desktop\HelpDesk\app-employee\src\main\java\io\github\nelsonsoria\helpdesk\restcontroller\EmployeeRest.java. Using fallback presentation compiler.
2026.02.16 19:16:51 INFO  no build target found for C:\Users\nelso\OneDrive\Desktop\HelpDesk\app-employee\src\main\java\io\github\nelsonsoria\helpdesk\restcontroller\EmployeeRest.java. Using fallback presentation compiler.
2026.02.16 19:16:51 INFO  no build target found for C:\Users\nelso\OneDrive\Desktop\HelpDesk\app-employee\src\main\java\io\github\nelsonsoria\helpdesk\restcontroller\EmployeeRest.java. Using fallback presentation compiler.
2026.02.16 19:16:52 INFO  no build target found for C:\Users\nelso\OneDrive\Desktop\HelpDesk\app-employee\src\main\java\io\github\nelsonsoria\helpdesk\restcontroller\EmployeeRest.java. Using fallback presentation compiler.
2026.02.16 19:16:52 INFO  no build target found for C:\Users\nelso\OneDrive\Desktop\HelpDesk\app-employee\src\main\java\io\github\nelsonsoria\helpdesk\restcontroller\EmployeeRest.java. Using fallback presentation compiler.
2026.02.16 19:16:52 INFO  no build target found for C:\Users\nelso\OneDrive\Desktop\HelpDesk\app-employee\src\main\java\io\github\nelsonsoria\helpdesk\restcontroller\EmployeeRest.java. Using fallback presentation compiler.
2026.02.16 19:16:52 INFO  no build target found for C:\Users\nelso\OneDrive\Desktop\HelpDesk\app-employee\src\main\java\io\github\nelsonsoria\helpdesk\restcontroller\EmployeeRest.java. Using fallback presentation compiler.
2026.02.16 19:16:53 INFO  no build target found for C:\Users\nelso\OneDrive\Desktop\HelpDesk\app-employee\src\main\java\io\github\nelsonsoria\helpdesk\restcontroller\EmployeeRest.java. Using fallback presentation compiler.
2026.02.16 19:16:53 INFO  no build target found for C:\Users\nelso\OneDrive\Desktop\HelpDesk\app-employee\src\main\java\io\github\nelsonsoria\helpdesk\restcontroller\EmployeeRest.java. Using fallback presentation compiler.
2026.02.16 19:16:53 INFO  no build target found for C:\Users\nelso\OneDrive\Desktop\HelpDesk\app-employee\src\main\java\io\github\nelsonsoria\helpdesk\restcontroller\EmployeeRest.java. Using fallback presentation compiler.
2026.02.16 19:16:53 INFO  no build target found for C:\Users\nelso\OneDrive\Desktop\HelpDesk\app-employee\src\main\java\io\github\nelsonsoria\helpdesk\restcontroller\EmployeeRest.java. Using fallback presentation compiler.
2026.02.16 19:16:53 INFO  no build target found for C:\Users\nelso\OneDrive\Desktop\HelpDesk\app-employee\src\main\java\io\github\nelsonsoria\helpdesk\restcontroller\EmployeeRest.java. Using fallback presentation compiler.
2026.02.16 19:16:54 INFO  no build target found for C:\Users\nelso\OneDrive\Desktop\HelpDesk\app-employee\src\main\java\io\github\nelsonsoria\helpdesk\restcontroller\EmployeeRest.java. Using fallback presentation compiler.
2026.02.16 19:16:54 INFO  no build target found for C:\Users\nelso\OneDrive\Desktop\HelpDesk\app-employee\src\main\java\io\github\nelsonsoria\helpdesk\restcontroller\EmployeeRest.java. Using fallback presentation compiler.
2026.02.16 19:16:54 INFO  no build target found for C:\Users\nelso\OneDrive\Desktop\HelpDesk\app-employee\src\main\java\io\github\nelsonsoria\helpdesk\restcontroller\EmployeeRest.java. Using fallback presentation compiler.
2026.02.16 19:16:54 INFO  no build target found for C:\Users\nelso\OneDrive\Desktop\HelpDesk\app-employee\src\main\java\io\github\nelsonsoria\helpdesk\restcontroller\EmployeeRest.java. Using fallback presentation compiler.
2026.02.16 19:16:54 INFO  no build target found for C:\Users\nelso\OneDrive\Desktop\HelpDesk\app-employee\src\main\java\io\github\nelsonsoria\helpdesk\restcontroller\EmployeeRest.java. Using fallback presentation compiler.
2026.02.16 19:16:54 INFO  no build target found for C:\Users\nelso\OneDrive\Desktop\HelpDesk\app-employee\src\main\java\io\github\nelsonsoria\helpdesk\restcontroller\EmployeeRest.java. Using fallback presentation compiler.
2026.02.16 19:16:54 INFO  no build target found for C:\Users\nelso\OneDrive\Desktop\HelpDesk\app-employee\src\main\java\io\github\nelsonsoria\helpdesk\restcontroller\EmployeeRest.java. Using fallback presentation compiler.
2026.02.16 19:16:54 INFO  no build target found for C:\Users\nelso\OneDrive\Desktop\HelpDesk\app-employee\src\main\java\io\github\nelsonsoria\helpdesk\restcontroller\EmployeeRest.java. Using fallback presentation compiler.
2026.02.16 19:16:55 INFO  no build target found for C:\Users\nelso\OneDrive\Desktop\HelpDesk\app-employee\src\main\java\io\github\nelsonsoria\helpdesk\restcontroller\EmployeeRest.java. Using fallback presentation compiler.
2026.02.16 19:16:55 INFO  no build target found for C:\Users\nelso\OneDrive\Desktop\HelpDesk\app-employee\src\main\java\io\github\nelsonsoria\helpdesk\restcontroller\EmployeeRest.java. Using fallback presentation compiler.
2026.02.16 19:16:55 INFO  no build target found for C:\Users\nelso\OneDrive\Desktop\HelpDesk\app-employee\src\main\java\io\github\nelsonsoria\helpdesk\restcontroller\EmployeeRest.java. Using fallback presentation compiler.
2026.02.16 19:16:56 INFO  no build target found for C:\Users\nelso\OneDrive\Desktop\HelpDesk\app-employee\src\main\java\io\github\nelsonsoria\helpdesk\restcontroller\EmployeeRest.java. Using fallback presentation compiler.
2026.02.16 19:16:55 INFO  no build target found for C:\Users\nelso\OneDrive\Desktop\HelpDesk\app-employee\src\main\java\io\github\nelsonsoria\helpdesk\restcontroller\EmployeeRest.java. Using fallback presentation compiler.
2026.02.16 19:16:56 INFO  no build target found for C:\Users\nelso\OneDrive\Desktop\HelpDesk\app-employee\src\main\java\io\github\nelsonsoria\helpdesk\restcontroller\EmployeeRest.java. Using fallback presentation compiler.
2026.02.16 19:16:56 INFO  no build target found for C:\Users\nelso\OneDrive\Desktop\HelpDesk\app-employee\src\main\java\io\github\nelsonsoria\helpdesk\restcontroller\EmployeeRest.java. Using fallback presentation compiler.
2026.02.16 19:16:57 INFO  no build target found for C:\Users\nelso\OneDrive\Desktop\HelpDesk\app-employee\src\main\java\io\github\nelsonsoria\helpdesk\restcontroller\EmployeeRest.java. Using fallback presentation compiler.
2026.02.16 19:16:56 INFO  no build target found for C:\Users\nelso\OneDrive\Desktop\HelpDesk\app-employee\src\main\java\io\github\nelsonsoria\helpdesk\restcontroller\EmployeeRest.java. Using fallback presentation compiler.
2026.02.16 19:16:56 INFO  no build target found for C:\Users\nelso\OneDrive\Desktop\HelpDesk\app-employee\src\main\java\io\github\nelsonsoria\helpdesk\restcontroller\EmployeeRest.java. Using fallback presentation compiler.
2026.02.16 19:16:56 INFO  no build target found for C:\Users\nelso\OneDrive\Desktop\HelpDesk\app-employee\src\main\java\io\github\nelsonsoria\helpdesk\restcontroller\EmployeeRest.java. Using fallback presentation compiler.
2026.02.16 19:16:58 INFO  no build target found for C:\Users\nelso\OneDrive\Desktop\HelpDesk\app-employee\src\main\java\io\github\nelsonsoria\helpdesk\restcontroller\EmployeeRest.java. Using fallback presentation compiler.
Feb 16, 2026 7:16:58 PM org.eclipse.lsp4j.jsonrpc.RemoteEndpoint handleCancellation
WARNING: Unmatched cancel notification for request id 1748
2026.02.16 19:16:58 INFO  no build target found for C:\Users\nelso\OneDrive\Desktop\HelpDesk\app-employee\src\main\java\io\github\nelsonsoria\helpdesk\restcontroller\EmployeeRest.java. Using fallback presentation compiler.
2026.02.16 19:16:58 INFO  no build target found for C:\Users\nelso\OneDrive\Desktop\HelpDesk\app-employee\src\main\java\io\github\nelsonsoria\helpdesk\restcontroller\EmployeeRest.java. Using fallback presentation compiler.
2026.02.16 19:16:58 INFO  no build target found for C:\Users\nelso\OneDrive\Desktop\HelpDesk\app-employee\src\main\java\io\github\nelsonsoria\helpdesk\restcontroller\EmployeeRest.java. Using fallback presentation compiler.
2026.02.16 19:16:58 INFO  no build target found for C:\Users\nelso\OneDrive\Desktop\HelpDesk\app-employee\src\main\java\io\github\nelsonsoria\helpdesk\restcontroller\EmployeeRest.java. Using fallback presentation compiler.
2026.02.16 19:16:58 INFO  no build target found for C:\Users\nelso\OneDrive\Desktop\HelpDesk\app-employee\src\main\java\io\github\nelsonsoria\helpdesk\restcontroller\EmployeeRest.java. Using fallback presentation compiler.
2026.02.16 19:16:59 INFO  no build target found for C:\Users\nelso\OneDrive\Desktop\HelpDesk\app-employee\src\main\java\io\github\nelsonsoria\helpdesk\restcontroller\EmployeeRest.java. Using fallback presentation compiler.
2026.02.16 19:16:59 INFO  no build target found for C:\Users\nelso\OneDrive\Desktop\HelpDesk\app-employee\src\main\java\io\github\nelsonsoria\helpdesk\restcontroller\EmployeeRest.java. Using fallback presentation compiler.
2026.02.16 19:16:59 INFO  no build target found for C:\Users\nelso\OneDrive\Desktop\HelpDesk\app-employee\src\main\java\io\github\nelsonsoria\helpdesk\restcontroller\EmployeeRest.java. Using fallback presentation compiler.
2026.02.16 19:16:59 INFO  no build target found for C:\Users\nelso\OneDrive\Desktop\HelpDesk\app-employee\src\main\java\io\github\nelsonsoria\helpdesk\restcontroller\EmployeeRest.java. Using fallback presentation compiler.
2026.02.16 19:16:59 INFO  no build target found for C:\Users\nelso\OneDrive\Desktop\HelpDesk\app-employee\src\main\java\io\github\nelsonsoria\helpdesk\restcontroller\EmployeeRest.java. Using fallback presentation compiler.
2026.02.16 19:16:59 INFO  no build target found for C:\Users\nelso\OneDrive\Desktop\HelpDesk\app-employee\src\main\java\io\github\nelsonsoria\helpdesk\restcontroller\EmployeeRest.java. Using fallback presentation compiler.
2026.02.16 19:17:00 INFO  no build target found for C:\Users\nelso\OneDrive\Desktop\HelpDesk\app-employee\src\main\java\io\github\nelsonsoria\helpdesk\restcontroller\EmployeeRest.java. Using fallback presentation compiler.
2026.02.16 19:17:00 INFO  no build target found for C:\Users\nelso\OneDrive\Desktop\HelpDesk\app-employee\src\main\java\io\github\nelsonsoria\helpdesk\restcontroller\EmployeeRest.java. Using fallback presentation compiler.
2026.02.16 19:17:00 INFO  no build target found for C:\Users\nelso\OneDrive\Desktop\HelpDesk\app-employee\src\main\java\io\github\nelsonsoria\helpdesk\restcontroller\EmployeeRest.java. Using fallback presentation compiler.
2026.02.16 19:17:00 INFO  no build target found for C:\Users\nelso\OneDrive\Desktop\HelpDesk\app-employee\src\main\java\io\github\nelsonsoria\helpdesk\restcontroller\EmployeeRest.java. Using fallback presentation compiler.
2026.02.16 19:17:00 INFO  no build target found for C:\Users\nelso\OneDrive\Desktop\HelpDesk\app-employee\src\main\java\io\github\nelsonsoria\helpdesk\restcontroller\EmployeeRest.java. Using fallback presentation compiler.
2026.02.16 19:17:00 INFO  no build target found for C:\Users\nelso\OneDrive\Desktop\HelpDesk\app-employee\src\main\java\io\github\nelsonsoria\helpdesk\restcontroller\EmployeeRest.java. Using fallback presentation compiler.
2026.02.16 19:17:00 INFO  no build target found for C:\Users\nelso\OneDrive\Desktop\HelpDesk\app-employee\src\main\java\io\github\nelsonsoria\helpdesk\restcontroller\EmployeeRest.java. Using fallback presentation compiler.
2026.02.16 19:17:00 INFO  no build target found for C:\Users\nelso\OneDrive\Desktop\HelpDesk\app-employee\src\main\java\io\github\nelsonsoria\helpdesk\restcontroller\EmployeeRest.java. Using fallback presentation compiler.
2026.02.16 19:17:00 INFO  no build target found for C:\Users\nelso\OneDrive\Desktop\HelpDesk\app-employee\src\main\java\io\github\nelsonsoria\helpdesk\restcontroller\EmployeeRest.java. Using fallback presentation compiler.
2026.02.16 19:17:01 INFO  no build target found for C:\Users\nelso\OneDrive\Desktop\HelpDesk\app-employee\src\main\java\io\github\nelsonsoria\helpdesk\restcontroller\EmployeeRest.java. Using fallback presentation compiler.
2026.02.16 19:17:01 INFO  no build target found for C:\Users\nelso\OneDrive\Desktop\HelpDesk\app-employee\src\main\java\io\github\nelsonsoria\helpdesk\restcontroller\EmployeeRest.java. Using fallback presentation compiler.
2026.02.16 19:17:01 INFO  no build target found for C:\Users\nelso\OneDrive\Desktop\HelpDesk\app-employee\src\main\java\io\github\nelsonsoria\helpdesk\restcontroller\EmployeeRest.java. Using fallback presentation compiler.
2026.02.16 19:17:01 INFO  no build target found for C:\Users\nelso\OneDrive\Desktop\HelpDesk\app-employee\src\main\java\io\github\nelsonsoria\helpdesk\restcontroller\EmployeeRest.java. Using fallback presentation compiler.
2026.02.16 19:17:01 INFO  no build target found for C:\Users\nelso\OneDrive\Desktop\HelpDesk\app-employee\src\main\java\io\github\nelsonsoria\helpdesk\restcontroller\EmployeeRest.java. Using fallback presentation compiler.
2026.02.16 19:17:01 INFO  no build target found for C:\Users\nelso\OneDrive\Desktop\HelpDesk\app-employee\src\main\java\io\github\nelsonsoria\helpdesk\restcontroller\EmployeeRest.java. Using fallback presentation compiler.
2026.02.16 19:17:01 INFO  no build target found for C:\Users\nelso\OneDrive\Desktop\HelpDesk\app-employee\src\main\java\io\github\nelsonsoria\helpdesk\restcontroller\EmployeeRest.java. Using fallback presentation compiler.
2026.02.16 19:17:02 INFO  no build target found for C:\Users\nelso\OneDrive\Desktop\HelpDesk\app-employee\src\main\java\io\github\nelsonsoria\helpdesk\restcontroller\EmployeeRest.java. Using fallback presentation compiler.
2026.02.16 19:17:02 INFO  no build target found for C:\Users\nelso\OneDrive\Desktop\HelpDesk\app-employee\src\main\java\io\github\nelsonsoria\helpdesk\restcontroller\EmployeeRest.java. Using fallback presentation compiler.
2026.02.16 19:17:02 INFO  no build target found for C:\Users\nelso\OneDrive\Desktop\HelpDesk\app-employee\src\main\java\io\github\nelsonsoria\helpdesk\restcontroller\EmployeeRest.java. Using fallback presentation compiler.
2026.02.16 19:17:02 INFO  no build target found for C:\Users\nelso\OneDrive\Desktop\HelpDesk\app-employee\src\main\java\io\github\nelsonsoria\helpdesk\restcontroller\EmployeeRest.java. Using fallback presentation compiler.
2026.02.16 19:17:02 INFO  no build target found for C:\Users\nelso\OneDrive\Desktop\HelpDesk\app-employee\src\main\java\io\github\nelsonsoria\helpdesk\restcontroller\EmployeeRest.java. Using fallback presentation compiler.
2026.02.16 19:17:02 INFO  no build target found for C:\Users\nelso\OneDrive\Desktop\HelpDesk\app-employee\src\main\java\io\github\nelsonsoria\helpdesk\restcontroller\EmployeeRest.java. Using fallback presentation compiler.
2026.02.16 19:17:03 INFO  no build target found for C:\Users\nelso\OneDrive\Desktop\HelpDesk\app-employee\src\main\java\io\github\nelsonsoria\helpdesk\restcontroller\EmployeeRest.java. Using fallback presentation compiler.
2026.02.16 19:17:04 INFO  no build target found for C:\Users\nelso\OneDrive\Desktop\HelpDesk\app-employee\src\main\java\io\github\nelsonsoria\helpdesk\restcontroller\EmployeeRest.java. Using fallback presentation compiler.
2026.02.16 19:17:03 INFO  no build target found for C:\Users\nelso\OneDrive\Desktop\HelpDesk\app-employee\src\main\java\io\github\nelsonsoria\helpdesk\restcontroller\EmployeeRest.java. Using fallback presentation compiler.
2026.02.16 19:17:03 INFO  no build target found for C:\Users\nelso\OneDrive\Desktop\HelpDesk\app-employee\src\main\java\io\github\nelsonsoria\helpdesk\restcontroller\EmployeeRest.java. Using fallback presentation compiler.
2026.02.16 19:17:03 INFO  no build target found for C:\Users\nelso\OneDrive\Desktop\HelpDesk\app-employee\src\main\java\io\github\nelsonsoria\helpdesk\restcontroller\EmployeeRest.java. Using fallback presentation compiler.
2026.02.16 19:17:03 INFO  no build target found for C:\Users\nelso\OneDrive\Desktop\HelpDesk\app-employee\src\main\java\io\github\nelsonsoria\helpdesk\restcontroller\EmployeeRest.java. Using fallback presentation compiler.
2026.02.16 19:17:03 INFO  no build target found for C:\Users\nelso\OneDrive\Desktop\HelpDesk\app-employee\src\main\java\io\github\nelsonsoria\helpdesk\restcontroller\EmployeeRest.java. Using fallback presentation compiler.
2026.02.16 19:17:04 INFO  no build target found for C:\Users\nelso\OneDrive\Desktop\HelpDesk\app-employee\src\main\java\io\github\nelsonsoria\helpdesk\restcontroller\EmployeeRest.java. Using fallback presentation compiler.
2026.02.16 19:17:05 INFO  no build target found for C:\Users\nelso\OneDrive\Desktop\HelpDesk\app-employee\src\main\java\io\github\nelsonsoria\helpdesk\restcontroller\EmployeeRest.java. Using fallback presentation compiler.
2026.02.16 19:17:05 INFO  no build target found for C:\Users\nelso\OneDrive\Desktop\HelpDesk\app-employee\src\main\java\io\github\nelsonsoria\helpdesk\restcontroller\EmployeeRest.java. Using fallback presentation compiler.
2026.02.16 19:17:08 INFO  no build target found for C:\Users\nelso\OneDrive\Desktop\HelpDesk\app-employee\src\main\java\io\github\nelsonsoria\helpdesk\restcontroller\EmployeeRest.java. Using fallback presentation compiler.
2026.02.16 19:17:08 INFO  no build target found for C:\Users\nelso\OneDrive\Desktop\HelpDesk\app-employee\src\main\java\io\github\nelsonsoria\helpdesk\restcontroller\EmployeeRest.java. Using fallback presentation compiler.
2026.02.16 19:17:08 INFO  no build target found for C:\Users\nelso\OneDrive\Desktop\HelpDesk\app-employee\src\main\java\io\github\nelsonsoria\helpdesk\restcontroller\EmployeeRest.java. Using fallback presentation compiler.
2026.02.16 19:17:09 INFO  no build target found for C:\Users\nelso\OneDrive\Desktop\HelpDesk\app-employee\src\main\java\io\github\nelsonsoria\helpdesk\restcontroller\EmployeeRest.java. Using fallback presentation compiler.
2026.02.16 19:17:08 INFO  no build target found for C:\Users\nelso\OneDrive\Desktop\HelpDesk\app-employee\src\main\java\io\github\nelsonsoria\helpdesk\restcontroller\EmployeeRest.java. Using fallback presentation compiler.
2026.02.16 19:17:11 INFO  no build target found for C:\Users\nelso\OneDrive\Desktop\HelpDesk\app-employee\src\main\java\io\github\nelsonsoria\helpdesk\restcontroller\EmployeeRest.java. Using fallback presentation compiler.
2026.02.16 19:17:11 INFO  no build target found for C:\Users\nelso\OneDrive\Desktop\HelpDesk\app-employee\src\main\java\io\github\nelsonsoria\helpdesk\restcontroller\EmployeeRest.java. Using fallback presentation compiler.
2026.02.16 19:17:11 INFO  no build target found for C:\Users\nelso\OneDrive\Desktop\HelpDesk\app-employee\src\main\java\io\github\nelsonsoria\helpdesk\restcontroller\EmployeeRest.java. Using fallback presentation compiler.
2026.02.16 19:17:11 INFO  no build target found for C:\Users\nelso\OneDrive\Desktop\HelpDesk\app-employee\src\main\java\io\github\nelsonsoria\helpdesk\restcontroller\EmployeeRest.java. Using fallback presentation compiler.
2026.02.16 19:17:11 INFO  no build target found for C:\Users\nelso\OneDrive\Desktop\HelpDesk\app-employee\src\main\java\io\github\nelsonsoria\helpdesk\restcontroller\EmployeeRest.java. Using fallback presentation compiler.
2026.02.16 19:17:12 INFO  no build target found for C:\Users\nelso\OneDrive\Desktop\HelpDesk\app-employee\src\main\java\io\github\nelsonsoria\helpdesk\restcontroller\EmployeeRest.java. Using fallback presentation compiler.
2026.02.16 19:17:12 INFO  no build target found for C:\Users\nelso\OneDrive\Desktop\HelpDesk\app-employee\src\main\java\io\github\nelsonsoria\helpdesk\restcontroller\EmployeeRest.java. Using fallback presentation compiler.
2026.02.16 19:17:19 INFO  no build target found for C:\Users\nelso\OneDrive\Desktop\HelpDesk\app-employee\src\main\java\io\github\nelsonsoria\helpdesk\EmployeeLifecycle.java. Using fallback presentation compiler.
2026.02.16 19:17:58 WARN  no build target for: C:\Users\nelso\OneDrive\Desktop\HelpDesk\app-employee\src\main\java\io\github\nelsonsoria\helpdesk\Service\IEmployeeService.java
2026.02.16 19:17:58 WARN  no build target for: C:\Users\nelso\OneDrive\Desktop\HelpDesk\app-employee\src\main\java\io\github\nelsonsoria\helpdesk\restcontroller\EmployeeRest.java
2026.02.16 19:17:58 WARN  no build target for: C:\Users\nelso\OneDrive\Desktop\HelpDesk\app-employee\src\main\java\io\github\nelsonsoria\helpdesk\Service\EmployeeServiceImpl.java
Feb 16, 2026 7:17:58 PM org.eclipse.lsp4j.jsonrpc.services.GenericEndpoint notify
INFO: Unsupported notification method: $/setTrace
Feb 16, 2026 7:19:26 PM org.eclipse.lsp4j.jsonrpc.RemoteEndpoint handleNotification
WARNING: Notification threw an exception: {
  "jsonrpc": "2.0",
  "method": "metals/didFocusTextDocument",
  "params": [
    "vscode-chat-code-block://dnnjb2rllwnoyxqtc2vzc2lvbjovl2xvy2fsl05uumlavgn4tkdjde1qrtnnuzawwldjmuxuz3dnalf0wvrcbu9ea3homkl5tmpoaa/response_99f3975d-2727-46e5-8156-16e09f5e2b51/0#%7B%22references%22%3A%5B%5D%7D"
  ]
}
java.nio.file.FileSystemNotFoundException: Provider "vscode-chat-code-block" not installed
	at java.base/java.nio.file.Path.of(Path.java:213)
	at java.base/java.nio.file.Paths.get(Paths.java:98)
	at scala.meta.internal.mtags.MtagsEnrichments$XtensionURIMtags.toAbsolutePath(MtagsEnrichments.scala:149)
	at scala.meta.internal.mtags.MtagsEnrichments$XtensionStringMtags.toAbsolutePath(MtagsEnrichments.scala:209)
	at scala.meta.internal.metals.MetalsEnrichments$XtensionString.toAbsolutePath(MetalsEnrichments.scala:778)
	at scala.meta.internal.metals.MetalsEnrichments$XtensionString.toAbsolutePath(MetalsEnrichments.scala:775)
	at scala.meta.internal.metals.WorkspaceLspService.didFocus(WorkspaceLspService.scala:808)
	at scala.meta.metals.lsp.DelegatingScalaService.didFocus(DelegatingScalaService.scala:42)
	at java.base/jdk.internal.reflect.DirectMethodHandleAccessor.invoke(DirectMethodHandleAccessor.java:103)
	at java.base/java.lang.reflect.Method.invoke(Method.java:580)
	at org.eclipse.lsp4j.jsonrpc.services.GenericEndpoint.lambda$recursiveFindRpcMethods$0(GenericEndpoint.java:65)
	at org.eclipse.lsp4j.jsonrpc.services.GenericEndpoint.notify(GenericEndpoint.java:160)
	at org.eclipse.lsp4j.jsonrpc.RemoteEndpoint.handleNotification(RemoteEndpoint.java:231)
	at org.eclipse.lsp4j.jsonrpc.RemoteEndpoint.consume(RemoteEndpoint.java:198)
	at org.eclipse.lsp4j.jsonrpc.json.StreamMessageProducer.handleMessage(StreamMessageProducer.java:185)
	at org.eclipse.lsp4j.jsonrpc.json.StreamMessageProducer.listen(StreamMessageProducer.java:97)
	at org.eclipse.lsp4j.jsonrpc.json.ConcurrentMessageProcessor.run(ConcurrentMessageProcessor.java:114)
	at java.base/java.util.concurrent.Executors$RunnableAdapter.call(Executors.java:572)
	at java.base/java.util.concurrent.FutureTask.run(FutureTask.java:317)
	at java.base/java.util.concurrent.ThreadPoolExecutor.runWorker(ThreadPoolExecutor.java:1144)
	at java.base/java.util.concurrent.ThreadPoolExecutor$Worker.run(ThreadPoolExecutor.java:642)
	at java.base/java.lang.Thread.run(Thread.java:1583)

2026.02.16 19:19:28 INFO  no build target found for C:\Users\nelso\OneDrive\Desktop\HelpDesk\app-employee\src\test\java\EmployeeServiceImplTest.java. Using fallback presentation compiler.
2026.02.16 19:19:28 INFO  no build target found for C:\Users\nelso\OneDrive\Desktop\HelpDesk\app-employee\src\test\java\EmployeeServiceImplTest.java. Using fallback presentation compiler.
2026.02.16 19:19:28 INFO  no build target found for C:\Users\nelso\OneDrive\Desktop\HelpDesk\app-employee\src\test\java\EmployeeServiceImplTest.java. Using fallback presentation compiler.
2026.02.16 19:19:28 WARN  no build target for: C:\Users\nelso\OneDrive\Desktop\HelpDesk\app-employee\src\test\java\EmployeeServiceImplTest.java
2026.02.16 19:19:28 INFO  no build target found for C:\Users\nelso\OneDrive\Desktop\HelpDesk\app-employee\src\test\java\EmployeeServiceImplTest.java. Using fallback presentation compiler.
Feb 16, 2026 7:19:30 PM org.eclipse.lsp4j.jsonrpc.RemoteEndpoint handleNotification
WARNING: Notification threw an exception: {
  "jsonrpc": "2.0",
  "method": "metals/didFocusTextDocument",
  "params": [
    "vscode-chat-code-block://dnnjb2rllwnoyxqtc2vzc2lvbjovl2xvy2fsl05uumlavgn4tkdjde1qrtnnuzawwldjmuxuz3dnalf0wvrcbu9ea3homkl5tmpoaa/response_99f3975d-2727-46e5-8156-16e09f5e2b51/0#%7B%22references%22%3A%5B%5D%7D"
  ]
}
java.nio.file.FileSystemNotFoundException: Provider "vscode-chat-code-block" not installed
	at java.base/java.nio.file.Path.of(Path.java:213)
	at java.base/java.nio.file.Paths.get(Paths.java:98)
	at scala.meta.internal.mtags.MtagsEnrichments$XtensionURIMtags.toAbsolutePath(MtagsEnrichments.scala:149)
	at scala.meta.internal.mtags.MtagsEnrichments$XtensionStringMtags.toAbsolutePath(MtagsEnrichments.scala:209)
	at scala.meta.internal.metals.MetalsEnrichments$XtensionString.toAbsolutePath(MetalsEnrichments.scala:778)
	at scala.meta.internal.metals.MetalsEnrichments$XtensionString.toAbsolutePath(MetalsEnrichments.scala:775)
	at scala.meta.internal.metals.WorkspaceLspService.didFocus(WorkspaceLspService.scala:808)
	at scala.meta.metals.lsp.DelegatingScalaService.didFocus(DelegatingScalaService.scala:42)
	at java.base/jdk.internal.reflect.DirectMethodHandleAccessor.invoke(DirectMethodHandleAccessor.java:103)
	at java.base/java.lang.reflect.Method.invoke(Method.java:580)
	at org.eclipse.lsp4j.jsonrpc.services.GenericEndpoint.lambda$recursiveFindRpcMethods$0(GenericEndpoint.java:65)
	at org.eclipse.lsp4j.jsonrpc.services.GenericEndpoint.notify(GenericEndpoint.java:160)
	at org.eclipse.lsp4j.jsonrpc.RemoteEndpoint.handleNotification(RemoteEndpoint.java:231)
	at org.eclipse.lsp4j.jsonrpc.RemoteEndpoint.consume(RemoteEndpoint.java:198)
	at org.eclipse.lsp4j.jsonrpc.json.StreamMessageProducer.handleMessage(StreamMessageProducer.java:185)
	at org.eclipse.lsp4j.jsonrpc.json.StreamMessageProducer.listen(StreamMessageProducer.java:97)
	at org.eclipse.lsp4j.jsonrpc.json.ConcurrentMessageProcessor.run(ConcurrentMessageProcessor.java:114)
	at java.base/java.util.concurrent.Executors$RunnableAdapter.call(Executors.java:572)
	at java.base/java.util.concurrent.FutureTask.run(FutureTask.java:317)
	at java.base/java.util.concurrent.ThreadPoolExecutor.runWorker(ThreadPoolExecutor.java:1144)
	at java.base/java.util.concurrent.ThreadPoolExecutor$Worker.run(ThreadPoolExecutor.java:642)
	at java.base/java.lang.Thread.run(Thread.java:1583)

2026.02.16 19:19:34 WARN  no build target for: C:\Users\nelso\OneDrive\Desktop\HelpDesk\app-employee\src\test\java\EmployeeServiceImplTest.java
2026.02.16 19:19:34 INFO  no build target found for C:\Users\nelso\OneDrive\Desktop\HelpDesk\app-employee\src\test\java\EmployeeServiceImplTest.java. Using fallback presentation compiler.
2026.02.16 19:19:34 INFO  no build target found for C:\Users\nelso\OneDrive\Desktop\HelpDesk\app-employee\src\test\java\EmployeeServiceImplTest.java. Using fallback presentation compiler.
2026.02.16 19:19:34 INFO  no build target found for C:\Users\nelso\OneDrive\Desktop\HelpDesk\app-employee\src\test\java\EmployeeServiceImplTest.java. Using fallback presentation compiler.
2026.02.16 19:19:34 INFO  no build target found for C:\Users\nelso\OneDrive\Desktop\HelpDesk\app-employee\src\test\java\EmployeeServiceImplTest.java. Using fallback presentation compiler.
2026.02.16 19:19:34 INFO  no build target found for C:\Users\nelso\OneDrive\Desktop\HelpDesk\app-employee\src\test\java\EmployeeServiceImplTest.java. Using fallback presentation compiler.
Feb 16, 2026 7:19:39 PM org.eclipse.lsp4j.jsonrpc.RemoteEndpoint handleNotification
WARNING: Notification threw an exception: {
  "jsonrpc": "2.0",
  "method": "metals/didFocusTextDocument",
  "params": [
    "vscode-chat-code-block://dnnjb2rllwnoyxqtc2vzc2lvbjovl2xvy2fsl05uumlavgn4tkdjde1qrtnnuzawwldjmuxuz3dnalf0wvrcbu9ea3homkl5tmpoaa/response_99f3975d-2727-46e5-8156-16e09f5e2b51/0#%7B%22references%22%3A%5B%5D%7D"
  ]
}
java.nio.file.FileSystemNotFoundException: Provider "vscode-chat-code-block" not installed
	at java.base/java.nio.file.Path.of(Path.java:213)
	at java.base/java.nio.file.Paths.get(Paths.java:98)
	at scala.meta.internal.mtags.MtagsEnrichments$XtensionURIMtags.toAbsolutePath(MtagsEnrichments.scala:149)
	at scala.meta.internal.mtags.MtagsEnrichments$XtensionStringMtags.toAbsolutePath(MtagsEnrichments.scala:209)
	at scala.meta.internal.metals.MetalsEnrichments$XtensionString.toAbsolutePath(MetalsEnrichments.scala:778)
	at scala.meta.internal.metals.MetalsEnrichments$XtensionString.toAbsolutePath(MetalsEnrichments.scala:775)
	at scala.meta.internal.metals.WorkspaceLspService.didFocus(WorkspaceLspService.scala:808)
	at scala.meta.metals.lsp.DelegatingScalaService.didFocus(DelegatingScalaService.scala:42)
	at java.base/jdk.internal.reflect.DirectMethodHandleAccessor.invoke(DirectMethodHandleAccessor.java:103)
	at java.base/java.lang.reflect.Method.invoke(Method.java:580)
	at org.eclipse.lsp4j.jsonrpc.services.GenericEndpoint.lambda$recursiveFindRpcMethods$0(GenericEndpoint.java:65)
	at org.eclipse.lsp4j.jsonrpc.services.GenericEndpoint.notify(GenericEndpoint.java:160)
	at org.eclipse.lsp4j.jsonrpc.RemoteEndpoint.handleNotification(RemoteEndpoint.java:231)
	at org.eclipse.lsp4j.jsonrpc.RemoteEndpoint.consume(RemoteEndpoint.java:198)
	at org.eclipse.lsp4j.jsonrpc.json.StreamMessageProducer.handleMessage(StreamMessageProducer.java:185)
	at org.eclipse.lsp4j.jsonrpc.json.StreamMessageProducer.listen(StreamMessageProducer.java:97)
	at org.eclipse.lsp4j.jsonrpc.json.ConcurrentMessageProcessor.run(ConcurrentMessageProcessor.java:114)
	at java.base/java.util.concurrent.Executors$RunnableAdapter.call(Executors.java:572)
	at java.base/java.util.concurrent.FutureTask.run(FutureTask.java:317)
	at java.base/java.util.concurrent.ThreadPoolExecutor.runWorker(ThreadPoolExecutor.java:1144)
	at java.base/java.util.concurrent.ThreadPoolExecutor$Worker.run(ThreadPoolExecutor.java:642)
	at java.base/java.lang.Thread.run(Thread.java:1583)

2026.02.16 19:19:51 WARN  no build target for: C:\Users\nelso\OneDrive\Desktop\HelpDesk\app-employee\src\test\java\EmployeeServiceImplTest.java
2026.02.16 19:19:51 INFO  no build target found for C:\Users\nelso\OneDrive\Desktop\HelpDesk\app-employee\src\test\java\EmployeeServiceImplTest.java. Using fallback presentation compiler.
2026.02.16 19:19:52 INFO  no build target found for C:\Users\nelso\OneDrive\Desktop\HelpDesk\app-employee\src\test\java\EmployeeServiceImplTest.java. Using fallback presentation compiler.
2026.02.16 19:19:52 INFO  no build target found for C:\Users\nelso\OneDrive\Desktop\HelpDesk\app-employee\src\test\java\EmployeeServiceImplTest.java. Using fallback presentation compiler.
2026.02.16 19:19:52 INFO  no build target found for C:\Users\nelso\OneDrive\Desktop\HelpDesk\app-employee\src\test\java\EmployeeServiceImplTest.java. Using fallback presentation compiler.
2026.02.16 19:19:52 INFO  no build target found for C:\Users\nelso\OneDrive\Desktop\HelpDesk\app-employee\src\test\java\EmployeeServiceImplTest.java. Using fallback presentation compiler.
2026.02.16 19:19:55 INFO  no build target found for C:\Users\nelso\OneDrive\Desktop\HelpDesk\app-employee\src\test\java\EmployeeServiceImplTest.java. Using fallback presentation compiler.
2026.02.16 19:19:57 INFO  no build target found for C:\Users\nelso\OneDrive\Desktop\HelpDesk\app-employee\src\test\java\EmployeeServiceImplTest.java. Using fallback presentation compiler.
2026.02.16 19:19:58 INFO  no build target found for C:\Users\nelso\OneDrive\Desktop\HelpDesk\app-employee\src\test\java\EmployeeServiceImplTest.java. Using fallback presentation compiler.
2026.02.16 19:19:59 INFO  no build target found for C:\Users\nelso\OneDrive\Desktop\HelpDesk\app-employee\src\test\java\EmployeeServiceImplTest.java. Using fallback presentation compiler.
2026.02.16 19:19:59 INFO  no build target found for C:\Users\nelso\OneDrive\Desktop\HelpDesk\app-employee\src\test\java\EmployeeServiceImplTest.java. Using fallback presentation compiler.
2026.02.16 19:19:59 INFO  no build target found for C:\Users\nelso\OneDrive\Desktop\HelpDesk\app-employee\src\test\java\EmployeeServiceImplTest.java. Using fallback presentation compiler.
2026.02.16 19:20:03 INFO  no build target found for C:\Users\nelso\OneDrive\Desktop\HelpDesk\app-employee\src\test\java\EmployeeServiceImplTest.java. Using fallback presentation compiler.
2026.02.16 19:20:04 INFO  no build target found for C:\Users\nelso\OneDrive\Desktop\HelpDesk\app-employee\src\test\java\EmployeeServiceImplTest.java. Using fallback presentation compiler.
2026.02.16 19:20:04 INFO  no build target found for C:\Users\nelso\OneDrive\Desktop\HelpDesk\app-employee\src\test\java\EmployeeServiceImplTest.java. Using fallback presentation compiler.
2026.02.16 19:20:04 INFO  no build target found for C:\Users\nelso\OneDrive\Desktop\HelpDesk\app-employee\src\test\java\EmployeeServiceImplTest.java. Using fallback presentation compiler.
2026.02.16 19:20:06 INFO  no build target found for C:\Users\nelso\OneDrive\Desktop\HelpDesk\app-employee\src\test\java\EmployeeServiceImplTest.java. Using fallback presentation compiler.
2026.02.16 19:20:06 INFO  no build target found for C:\Users\nelso\OneDrive\Desktop\HelpDesk\app-employee\src\test\java\EmployeeServiceImplTest.java. Using fallback presentation compiler.
2026.02.16 19:20:06 INFO  no build target found for C:\Users\nelso\OneDrive\Desktop\HelpDesk\app-employee\src\test\java\EmployeeServiceImplTest.java. Using fallback presentation compiler.
Feb 16, 2026 7:20:06 PM org.eclipse.lsp4j.jsonrpc.RemoteEndpoint handleCancellation
WARNING: Unmatched cancel notification for request id 1917
2026.02.16 19:20:06 INFO  no build target found for C:\Users\nelso\OneDrive\Desktop\HelpDesk\app-employee\src\test\java\EmployeeServiceImplTest.java. Using fallback presentation compiler.
2026.02.16 19:20:07 INFO  no build target found for C:\Users\nelso\OneDrive\Desktop\HelpDesk\app-employee\src\test\java\EmployeeServiceImplTest.java. Using fallback presentation compiler.
2026.02.16 19:20:07 INFO  no build target found for C:\Users\nelso\OneDrive\Desktop\HelpDesk\app-employee\src\test\java\EmployeeServiceImplTest.java. Using fallback presentation compiler.
2026.02.16 19:20:07 INFO  no build target found for C:\Users\nelso\OneDrive\Desktop\HelpDesk\app-employee\src\test\java\EmployeeServiceImplTest.java. Using fallback presentation compiler.
2026.02.16 19:20:10 INFO  no build target found for C:\Users\nelso\OneDrive\Desktop\HelpDesk\app-employee\src\test\java\EmployeeServiceImplTest.java. Using fallback presentation compiler.
2026.02.16 19:20:10 INFO  no build target found for C:\Users\nelso\OneDrive\Desktop\HelpDesk\app-employee\src\test\java\EmployeeServiceImplTest.java. Using fallback presentation compiler.
2026.02.16 19:20:10 INFO  no build target found for C:\Users\nelso\OneDrive\Desktop\HelpDesk\app-employee\src\test\java\EmployeeServiceImplTest.java. Using fallback presentation compiler.
2026.02.16 19:20:10 INFO  no build target found for C:\Users\nelso\OneDrive\Desktop\HelpDesk\app-employee\src\test\java\EmployeeServiceImplTest.java. Using fallback presentation compiler.
2026.02.16 19:20:11 INFO  no build target found for C:\Users\nelso\OneDrive\Desktop\HelpDesk\app-employee\src\test\java\EmployeeServiceImplTest.java. Using fallback presentation compiler.
2026.02.16 19:20:11 INFO  no build target found for C:\Users\nelso\OneDrive\Desktop\HelpDesk\app-employee\src\test\java\EmployeeServiceImplTest.java. Using fallback presentation compiler.
2026.02.16 19:20:11 INFO  no build target found for C:\Users\nelso\OneDrive\Desktop\HelpDesk\app-employee\src\test\java\EmployeeServiceImplTest.java. Using fallback presentation compiler.
2026.02.16 19:20:11 INFO  no build target found for C:\Users\nelso\OneDrive\Desktop\HelpDesk\app-employee\src\test\java\EmployeeServiceImplTest.java. Using fallback presentation compiler.
2026.02.16 19:20:11 INFO  no build target found for C:\Users\nelso\OneDrive\Desktop\HelpDesk\app-employee\src\test\java\EmployeeServiceImplTest.java. Using fallback presentation compiler.
2026.02.16 19:20:11 INFO  no build target found for C:\Users\nelso\OneDrive\Desktop\HelpDesk\app-employee\src\test\java\EmployeeServiceImplTest.java. Using fallback presentation compiler.
2026.02.16 19:20:12 INFO  no build target found for C:\Users\nelso\OneDrive\Desktop\HelpDesk\app-employee\src\test\java\EmployeeServiceImplTest.java. Using fallback presentation compiler.
2026.02.16 19:20:11 INFO  no build target found for C:\Users\nelso\OneDrive\Desktop\HelpDesk\app-employee\src\test\java\EmployeeServiceImplTest.java. Using fallback presentation compiler.
2026.02.16 19:20:12 INFO  no build target found for C:\Users\nelso\OneDrive\Desktop\HelpDesk\app-employee\src\test\java\EmployeeServiceImplTest.java. Using fallback presentation compiler.
2026.02.16 19:20:12 INFO  no build target found for C:\Users\nelso\OneDrive\Desktop\HelpDesk\app-employee\src\test\java\EmployeeServiceImplTest.java. Using fallback presentation compiler.
2026.02.16 19:20:12 INFO  no build target found for C:\Users\nelso\OneDrive\Desktop\HelpDesk\app-employee\src\test\java\EmployeeServiceImplTest.java. Using fallback presentation compiler.
2026.02.16 19:20:12 INFO  no build target found for C:\Users\nelso\OneDrive\Desktop\HelpDesk\app-employee\src\test\java\EmployeeServiceImplTest.java. Using fallback presentation compiler.
2026.02.16 19:20:12 INFO  no build target found for C:\Users\nelso\OneDrive\Desktop\HelpDesk\app-employee\src\test\java\EmployeeServiceImplTest.java. Using fallback presentation compiler.
2026.02.16 19:20:12 INFO  no build target found for C:\Users\nelso\OneDrive\Desktop\HelpDesk\app-employee\src\test\java\EmployeeServiceImplTest.java. Using fallback presentation compiler.
2026.02.16 19:20:12 INFO  no build target found for C:\Users\nelso\OneDrive\Desktop\HelpDesk\app-employee\src\test\java\EmployeeServiceImplTest.java. Using fallback presentation compiler.
2026.02.16 19:20:17 INFO  no build target found for C:\Users\nelso\OneDrive\Desktop\HelpDesk\app-employee\src\test\java\EmployeeServiceImplTest.java. Using fallback presentation compiler.
2026.02.16 19:20:17 INFO  no build target found for C:\Users\nelso\OneDrive\Desktop\HelpDesk\app-employee\src\test\java\EmployeeServiceImplTest.java. Using fallback presentation compiler.
Feb 16, 2026 7:20:23 PM org.eclipse.lsp4j.jsonrpc.RemoteEndpoint handleNotification
WARNING: Notification threw an exception: {
  "jsonrpc": "2.0",
  "method": "metals/didFocusTextDocument",
  "params": [
    "vscode-chat-code-block://dnnjb2rllwnoyxqtc2vzc2lvbjovl2xvy2fsl05uumlavgn4tkdjde1qrtnnuzawwldjmuxuz3dnalf0wvrcbu9ea3homkl5tmpoaa/response_99f3975d-2727-46e5-8156-16e09f5e2b51/0#%7B%22references%22%3A%5B%5D%7D"
  ]
}
java.nio.file.FileSystemNotFoundException: Provider "vscode-chat-code-block" not installed
	at java.base/java.nio.file.Path.of(Path.java:213)
	at java.base/java.nio.file.Paths.get(Paths.java:98)
	at scala.meta.internal.mtags.MtagsEnrichments$XtensionURIMtags.toAbsolutePath(MtagsEnrichments.scala:149)
	at scala.meta.internal.mtags.MtagsEnrichments$XtensionStringMtags.toAbsolutePath(MtagsEnrichments.scala:209)
	at scala.meta.internal.metals.MetalsEnrichments$XtensionString.toAbsolutePath(MetalsEnrichments.scala:778)
	at scala.meta.internal.metals.MetalsEnrichments$XtensionString.toAbsolutePath(MetalsEnrichments.scala:775)
	at scala.meta.internal.metals.WorkspaceLspService.didFocus(WorkspaceLspService.scala:808)
	at scala.meta.metals.lsp.DelegatingScalaService.didFocus(DelegatingScalaService.scala:42)
	at java.base/jdk.internal.reflect.DirectMethodHandleAccessor.invoke(DirectMethodHandleAccessor.java:103)
	at java.base/java.lang.reflect.Method.invoke(Method.java:580)
	at org.eclipse.lsp4j.jsonrpc.services.GenericEndpoint.lambda$recursiveFindRpcMethods$0(GenericEndpoint.java:65)
	at org.eclipse.lsp4j.jsonrpc.services.GenericEndpoint.notify(GenericEndpoint.java:160)
	at org.eclipse.lsp4j.jsonrpc.RemoteEndpoint.handleNotification(RemoteEndpoint.java:231)
	at org.eclipse.lsp4j.jsonrpc.RemoteEndpoint.consume(RemoteEndpoint.java:198)
	at org.eclipse.lsp4j.jsonrpc.json.StreamMessageProducer.handleMessage(StreamMessageProducer.java:185)
	at org.eclipse.lsp4j.jsonrpc.json.StreamMessageProducer.listen(StreamMessageProducer.java:97)
	at org.eclipse.lsp4j.jsonrpc.json.ConcurrentMessageProcessor.run(ConcurrentMessageProcessor.java:114)
	at java.base/java.util.concurrent.Executors$RunnableAdapter.call(Executors.java:572)
	at java.base/java.util.concurrent.FutureTask.run(FutureTask.java:317)
	at java.base/java.util.concurrent.ThreadPoolExecutor.runWorker(ThreadPoolExecutor.java:1144)
	at java.base/java.util.concurrent.ThreadPoolExecutor$Worker.run(ThreadPoolExecutor.java:642)
	at java.base/java.lang.Thread.run(Thread.java:1583)

2026.02.16 19:20:27 WARN  no build target for: C:\Users\nelso\OneDrive\Desktop\HelpDesk\app-employee\src\test\java\EmployeeServiceImplTest.java
2026.02.16 19:20:27 INFO  no build target found for C:\Users\nelso\OneDrive\Desktop\HelpDesk\app-employee\src\test\java\EmployeeServiceImplTest.java. Using fallback presentation compiler.
2026.02.16 19:20:28 INFO  no build target found for C:\Users\nelso\OneDrive\Desktop\HelpDesk\app-employee\src\test\java\EmployeeServiceImplTest.java. Using fallback presentation compiler.
2026.02.16 19:20:28 INFO  no build target found for C:\Users\nelso\OneDrive\Desktop\HelpDesk\app-employee\src\test\java\EmployeeServiceImplTest.java. Using fallback presentation compiler.
2026.02.16 19:20:30 INFO  no build target found for C:\Users\nelso\OneDrive\Desktop\HelpDesk\app-employee\src\test\java\EmployeeServiceImplTest.java. Using fallback presentation compiler.
2026.02.16 19:20:30 INFO  no build target found for C:\Users\nelso\OneDrive\Desktop\HelpDesk\app-employee\src\test\java\EmployeeServiceImplTest.java. Using fallback presentation compiler.
Feb 16, 2026 7:20:34 PM org.eclipse.lsp4j.jsonrpc.RemoteEndpoint handleNotification
WARNING: Notification threw an exception: {
  "jsonrpc": "2.0",
  "method": "metals/didFocusTextDocument",
  "params": [
    "vscode-chat-code-block://dnnjb2rllwnoyxqtc2vzc2lvbjovl2xvy2fsl05uumlavgn4tkdjde1qrtnnuzawwldjmuxuz3dnalf0wvrcbu9ea3homkl5tmpoaa/response_99f3975d-2727-46e5-8156-16e09f5e2b51/0#%7B%22references%22%3A%5B%5D%7D"
  ]
}
java.nio.file.FileSystemNotFoundException: Provider "vscode-chat-code-block" not installed
	at java.base/java.nio.file.Path.of(Path.java:213)
	at java.base/java.nio.file.Paths.get(Paths.java:98)
	at scala.meta.internal.mtags.MtagsEnrichments$XtensionURIMtags.toAbsolutePath(MtagsEnrichments.scala:149)
	at scala.meta.internal.mtags.MtagsEnrichments$XtensionStringMtags.toAbsolutePath(MtagsEnrichments.scala:209)
	at scala.meta.internal.metals.MetalsEnrichments$XtensionString.toAbsolutePath(MetalsEnrichments.scala:778)
	at scala.meta.internal.metals.MetalsEnrichments$XtensionString.toAbsolutePath(MetalsEnrichments.scala:775)
	at scala.meta.internal.metals.WorkspaceLspService.didFocus(WorkspaceLspService.scala:808)
	at scala.meta.metals.lsp.DelegatingScalaService.didFocus(DelegatingScalaService.scala:42)
	at java.base/jdk.internal.reflect.DirectMethodHandleAccessor.invoke(DirectMethodHandleAccessor.java:103)
	at java.base/java.lang.reflect.Method.invoke(Method.java:580)
	at org.eclipse.lsp4j.jsonrpc.services.GenericEndpoint.lambda$recursiveFindRpcMethods$0(GenericEndpoint.java:65)
	at org.eclipse.lsp4j.jsonrpc.services.GenericEndpoint.notify(GenericEndpoint.java:160)
	at org.eclipse.lsp4j.jsonrpc.RemoteEndpoint.handleNotification(RemoteEndpoint.java:231)
	at org.eclipse.lsp4j.jsonrpc.RemoteEndpoint.consume(RemoteEndpoint.java:198)
	at org.eclipse.lsp4j.jsonrpc.json.StreamMessageProducer.handleMessage(StreamMessageProducer.java:185)
	at org.eclipse.lsp4j.jsonrpc.json.StreamMessageProducer.listen(StreamMessageProducer.java:97)
	at org.eclipse.lsp4j.jsonrpc.json.ConcurrentMessageProcessor.run(ConcurrentMessageProcessor.java:114)
	at java.base/java.util.concurrent.Executors$RunnableAdapter.call(Executors.java:572)
	at java.base/java.util.concurrent.FutureTask.run(FutureTask.java:317)
	at java.base/java.util.concurrent.ThreadPoolExecutor.runWorker(ThreadPoolExecutor.java:1144)
	at java.base/java.util.concurrent.ThreadPoolExecutor$Worker.run(ThreadPoolExecutor.java:642)
	at java.base/java.lang.Thread.run(Thread.java:1583)

2026.02.16 19:20:42 WARN  no build target for: C:\Users\nelso\OneDrive\Desktop\HelpDesk\app-employee\src\test\java\EmployeeServiceImplTest.java
2026.02.16 19:20:42 INFO  no build target found for C:\Users\nelso\OneDrive\Desktop\HelpDesk\app-employee\src\test\java\EmployeeServiceImplTest.java. Using fallback presentation compiler.
2026.02.16 19:20:43 INFO  no build target found for C:\Users\nelso\OneDrive\Desktop\HelpDesk\app-employee\src\test\java\EmployeeServiceImplTest.java. Using fallback presentation compiler.
2026.02.16 19:20:43 INFO  no build target found for C:\Users\nelso\OneDrive\Desktop\HelpDesk\app-employee\src\test\java\EmployeeServiceImplTest.java. Using fallback presentation compiler.
2026.02.16 19:20:43 INFO  no build target found for C:\Users\nelso\OneDrive\Desktop\HelpDesk\app-employee\src\test\java\EmployeeServiceImplTest.java. Using fallback presentation compiler.
2026.02.16 19:20:43 INFO  no build target found for C:\Users\nelso\OneDrive\Desktop\HelpDesk\app-employee\src\test\java\EmployeeServiceImplTest.java. Using fallback presentation compiler.
2026.02.16 19:20:45 INFO  no build target found for C:\Users\nelso\OneDrive\Desktop\HelpDesk\app-employee\src\test\java\EmployeeServiceImplTest.java. Using fallback presentation compiler.
2026.02.16 19:20:45 INFO  no build target found for C:\Users\nelso\OneDrive\Desktop\HelpDesk\app-employee\src\test\java\EmployeeServiceImplTest.java. Using fallback presentation compiler.
2026.02.16 19:20:45 INFO  no build target found for C:\Users\nelso\OneDrive\Desktop\HelpDesk\app-employee\src\test\java\EmployeeServiceImplTest.java. Using fallback presentation compiler.
2026.02.16 19:20:45 INFO  no build target found for C:\Users\nelso\OneDrive\Desktop\HelpDesk\app-employee\src\test\java\EmployeeServiceImplTest.java. Using fallback presentation compiler.
2026.02.16 19:20:46 INFO  no build target found for C:\Users\nelso\OneDrive\Desktop\HelpDesk\app-employee\src\test\java\EmployeeServiceImplTest.java. Using fallback presentation compiler.
2026.02.16 19:20:46 INFO  no build target found for C:\Users\nelso\OneDrive\Desktop\HelpDesk\app-employee\src\test\java\EmployeeServiceImplTest.java. Using fallback presentation compiler.
2026.02.16 19:20:46 INFO  no build target found for C:\Users\nelso\OneDrive\Desktop\HelpDesk\app-employee\src\test\java\EmployeeServiceImplTest.java. Using fallback presentation compiler.
2026.02.16 19:20:46 INFO  no build target found for C:\Users\nelso\OneDrive\Desktop\HelpDesk\app-employee\src\test\java\EmployeeServiceImplTest.java. Using fallback presentation compiler.
2026.02.16 19:20:46 INFO  no build target found for C:\Users\nelso\OneDrive\Desktop\HelpDesk\app-employee\src\test\java\EmployeeServiceImplTest.java. Using fallback presentation compiler.
2026.02.16 19:20:46 INFO  no build target found for C:\Users\nelso\OneDrive\Desktop\HelpDesk\app-employee\src\test\java\EmployeeServiceImplTest.java. Using fallback presentation compiler.
2026.02.16 19:20:48 INFO  no build target found for C:\Users\nelso\OneDrive\Desktop\HelpDesk\app-employee\src\test\java\EmployeeServiceImplTest.java. Using fallback presentation compiler.
2026.02.16 19:21:05 INFO  no build target found for C:\Users\nelso\OneDrive\Desktop\HelpDesk\app-employee\src\test\java\EmployeeServiceImplTest.java. Using fallback presentation compiler.
2026.02.16 19:21:11 INFO  no build target found for C:\Users\nelso\OneDrive\Desktop\HelpDesk\app-employee\src\test\java\EmployeeServiceImplTest.java. Using fallback presentation compiler.
2026.02.16 19:21:11 INFO  no build target found for C:\Users\nelso\OneDrive\Desktop\HelpDesk\app-employee\src\test\java\EmployeeServiceImplTest.java. Using fallback presentation compiler.
2026.02.16 19:21:11 INFO  no build target found for C:\Users\nelso\OneDrive\Desktop\HelpDesk\app-employee\src\test\java\EmployeeServiceImplTest.java. Using fallback presentation compiler.
2026.02.16 19:21:14 INFO  no build target found for C:\Users\nelso\OneDrive\Desktop\HelpDesk\app-employee\src\test\java\EmployeeServiceImplTest.java. Using fallback presentation compiler.
2026.02.16 19:21:14 INFO  no build target found for C:\Users\nelso\OneDrive\Desktop\HelpDesk\app-employee\src\test\java\EmployeeServiceImplTest.java. Using fallback presentation compiler.
2026.02.16 19:21:14 INFO  no build target found for C:\Users\nelso\OneDrive\Desktop\HelpDesk\app-employee\src\test\java\EmployeeServiceImplTest.java. Using fallback presentation compiler.
2026.02.16 19:21:14 INFO  no build target found for C:\Users\nelso\OneDrive\Desktop\HelpDesk\app-employee\src\test\java\EmployeeServiceImplTest.java. Using fallback presentation compiler.
2026.02.16 19:21:16 INFO  no build target found for C:\Users\nelso\OneDrive\Desktop\HelpDesk\app-employee\src\test\java\EmployeeServiceImplTest.java. Using fallback presentation compiler.
2026.02.16 19:21:18 INFO  Shutting down server
2026.02.16 19:21:18 INFO  Memory monitor stopped
2026.02.16 19:21:18 INFO  shutting down Metals
2026.02.16 19:21:18 INFO  Exiting server
2026.02.16 19:21:38 INFO  Started: Metals version 1.6.5 in folders 'C:\Users\nelso\OneDrive\Desktop\HelpDesk' for client Visual Studio Code 1.109.4.
2026.02.16 19:21:38 INFO  Memory monitor started
2026.02.16 19:21:39 WARN  Using H2 2.4.240 which is newer than the version Flyway has been verified with. The latest verified version of H2 is 2.3.232.
2026.02.16 19:21:39 INFO  no build target found for C:\Users\nelso\OneDrive\Desktop\HelpDesk\app-employee\src\test\java\EmployeeServiceImplTest.java. Using fallback presentation compiler.
2026.02.16 19:21:39 INFO  no build target found for C:\Users\nelso\OneDrive\Desktop\HelpDesk\app-employee\src\test\java\EmployeeServiceImplTest.java. Using fallback presentation compiler.
2026.02.16 19:21:40 INFO  no build target found for C:\Users\nelso\OneDrive\Desktop\HelpDesk\app-employee\src\test\java\EmployeeServiceImplTest.java. Using fallback presentation compiler.
2026.02.16 19:21:40 INFO  no build target found for C:\Users\nelso\OneDrive\Desktop\HelpDesk\app-employee\src\test\java\EmployeeServiceImplTest.java. Using fallback presentation compiler.
2026.02.16 19:21:41 INFO  no build target found for C:\Users\nelso\OneDrive\Desktop\HelpDesk\app-employee\src\test\java\EmployeeServiceImplTest.java. Using fallback presentation compiler.
2026.02.16 19:21:43 INFO  no build target found for C:\Users\nelso\OneDrive\Desktop\HelpDesk\app-employee\src\test\java\EmployeeServiceImplTest.java. Using fallback presentation compiler.
2026.02.16 19:21:43 INFO  no build target found for C:\Users\nelso\OneDrive\Desktop\HelpDesk\app-employee\src\test\java\EmployeeServiceImplTest.java. Using fallback presentation compiler.
2026.02.16 19:21:43 INFO  no build target found for C:\Users\nelso\OneDrive\Desktop\HelpDesk\app-employee\src\test\java\EmployeeServiceImplTest.java. Using fallback presentation compiler.
Feb 16, 2026 7:21:44 PM org.eclipse.lsp4j.jsonrpc.RemoteEndpoint handleCancellation
WARNING: Unmatched cancel notification for request id 16
Feb 16, 2026 7:21:44 PM org.eclipse.lsp4j.jsonrpc.RemoteEndpoint handleCancellation
WARNING: Unmatched cancel notification for request id 15
2026.02.16 19:21:44 INFO  no build target found for C:\Users\nelso\OneDrive\Desktop\HelpDesk\app-employee\src\test\java\EmployeeServiceImplTest.java. Using fallback presentation compiler.
2026.02.16 19:21:44 INFO  no build target found for C:\Users\nelso\OneDrive\Desktop\HelpDesk\app-employee\src\test\java\EmployeeServiceImplTest.java. Using fallback presentation compiler.
2026.02.16 19:21:44 INFO  no build target found for C:\Users\nelso\OneDrive\Desktop\HelpDesk\app-employee\src\test\java\EmployeeServiceImplTest.java. Using fallback presentation compiler.
2026.02.16 19:21:44 INFO  no build target found for C:\Users\nelso\OneDrive\Desktop\HelpDesk\app-employee\src\test\java\EmployeeServiceImplTest.java. Using fallback presentation compiler.
2026.02.16 19:21:45 INFO  no build target found for C:\Users\nelso\OneDrive\Desktop\HelpDesk\app-employee\src\test\java\EmployeeServiceImplTest.java. Using fallback presentation compiler.
2026.02.16 19:21:45 INFO  no build target found for C:\Users\nelso\OneDrive\Desktop\HelpDesk\app-employee\src\test\java\EmployeeServiceImplTest.java. Using fallback presentation compiler.
2026.02.16 19:21:45 INFO  no build target found for C:\Users\nelso\OneDrive\Desktop\HelpDesk\app-employee\src\test\java\EmployeeServiceImplTest.java. Using fallback presentation compiler.
2026.02.16 19:21:44 INFO  no build target found for C:\Users\nelso\OneDrive\Desktop\HelpDesk\app-employee\src\test\java\EmployeeServiceImplTest.java. Using fallback presentation compiler.
2026.02.16 19:21:48 INFO  no build target found for C:\Users\nelso\OneDrive\Desktop\HelpDesk\app-employee\src\test\java\EmployeeServiceImplTest.java. Using fallback presentation compiler.
2026.02.16 19:21:48 INFO  no build target found for C:\Users\nelso\OneDrive\Desktop\HelpDesk\app-employee\src\test\java\EmployeeServiceImplTest.java. Using fallback presentation compiler.
2026.02.16 19:21:49 INFO  no build target found for C:\Users\nelso\OneDrive\Desktop\HelpDesk\app-employee\src\test\java\EmployeeServiceImplTest.java. Using fallback presentation compiler.
2026.02.16 19:21:48 INFO  no build target found for C:\Users\nelso\OneDrive\Desktop\HelpDesk\app-employee\src\test\java\EmployeeServiceImplTest.java. Using fallback presentation compiler.
2026.02.16 19:21:50 INFO  no build target found for C:\Users\nelso\OneDrive\Desktop\HelpDesk\app-employee\src\test\java\EmployeeServiceImplTest.java. Using fallback presentation compiler.
2026.02.16 19:22:14 WARN  no build target for: C:\Users\nelso\OneDrive\Desktop\HelpDesk\app-employee\src\test\java\EmployeeServiceImplTest.java
2026.02.16 19:22:14 INFO  no build target found for C:\Users\nelso\OneDrive\Desktop\HelpDesk\app-employee\src\test\java\EmployeeServiceImplTest.java. Using fallback presentation compiler.
2026.02.16 19:22:14 INFO  no build target found for C:\Users\nelso\OneDrive\Desktop\HelpDesk\app-employee\src\test\java\EmployeeServiceImplTest.java. Using fallback presentation compiler.
2026.02.16 19:22:23 INFO  Shutting down server
2026.02.16 19:22:23 INFO  Memory monitor stopped
2026.02.16 19:22:23 INFO  shutting down Metals
2026.02.16 19:22:23 INFO  Exiting server
2026.02.17 16:19:21 INFO  Started: Metals version 1.6.5 in folders 'C:\Users\nelso\OneDrive\Desktop\HelpDesk' for client Visual Studio Code 1.109.4.
2026.02.17 16:19:21 INFO  Memory monitor started
2026.02.17 16:19:21 WARN  Using H2 2.4.240 which is newer than the version Flyway has been verified with. The latest verified version of H2 is 2.3.232.
2026.02.17 16:19:27 WARN  no build target for: C:\Users\nelso\OneDrive\Desktop\HelpDesk\app-employee\src\test\java\EmployeeServiceImplTest.java
2026.02.17 16:20:26 WARN  no build target for: C:\Users\nelso\OneDrive\Desktop\HelpDesk\app-employee\src\test\java\EmployeeServiceImplTest.java
2026.02.17 16:20:26 INFO  no build target found for C:\Users\nelso\OneDrive\Desktop\HelpDesk\app-employee\src\test\java\EmployeeServiceImplTest.java. Using fallback presentation compiler.
2026.02.17 16:20:26 INFO  no build target found for C:\Users\nelso\OneDrive\Desktop\HelpDesk\app-employee\src\test\java\EmployeeServiceImplTest.java. Using fallback presentation compiler.
Feb 17, 2026 4:20:26 PM org.eclipse.lsp4j.jsonrpc.RemoteEndpoint handleCancellation
WARNING: Unmatched cancel notification for request id 1
2026.02.17 16:20:31 INFO  Shutting down server
2026.02.17 16:20:31 INFO  Memory monitor stopped
2026.02.17 16:20:31 INFO  shutting down Metals
2026.02.17 16:20:31 INFO  Exiting server
